id,rooms,area,rent,latitude,longitude,norm_rent
5248131,1,38,5216,55.652406,12.5122,137.26
5275700,1,37,7900,55.671065,12.501394,213.51
5211187,1,40,6300,55.649554,12.551497,157.5
5263181,3,73,11000,55.663465,12.54226,150.68
5249720,3,73,11000,55.663465,12.54226,150.68
5142344,3,95,11000,55.695855,12.572995,115.79
5260949,3,66,13000,55.681337,12.583357,196.97
5121283,3,80,12823,55.657161,12.500471,160.29
5252892,2,44,10000,55.709851,12.599177,227.27
5249769,3,69,5000,55.635296,12.642434,72.46
5244152,3,104,13030,55.6839,12.61518,125.29
5249737,2,58,8500,55.649305,12.528735,146.55
5262516,1,25,3500,55.655457,12.609949,140.0
5262432,1,31,7050,55.703613,12.553748,227.42
5265262,1,15,6000,55.684023,12.5737,400.0
5181554,4,95,14000,55.697442,12.538697,147.37
5184679,3,69,9074,55.721015,12.472446,131.51
5263643,4,111,15815,55.64695,12.543446,142.48
5242879,5,135,19200,55.652763,12.543399,142.22
5042716,1,35,7539,55.713941,12.559926,215.4
5275711,1,30,7500,55.688463,12.494303,250.0
5247994,1,37,6900,55.703754,12.537448,186.49
5036698,1,37,5122,55.667178,12.620381,138.43
5262429,2,50,8400,55.649554,12.551497,168.0
5275739,1,31,6000,55.711297,12.480605,193.55
5275894,2,279,40000,55.737706,12.581538,143.37
5249740,1,84,4451,55.700997,12.551421,52.99
5275713,1,30,7500,55.688463,12.494303,250.0
5275327,3,74,13130,55.659972,12.513117,177.43
5275735,1,29,7400,55.688463,12.494303,255.17
5049672,1,41,6386,55.652406,12.5122,155.76
5275437,3,97,15611,55.646029,12.552433,160.94
5246766,3,89,13936,55.664493,12.591439,156.58
5275914,5,160,23000,55.676226,12.54137,143.75
5188889,1,8,4100,55.695462,12.524558,512.5
5020108,4,134,17750,55.686692,12.511245,132.46
5085150,1,27,5590,55.741074,12.485863,207.04
5275266,2,64,12500,55.733989,12.575129,195.31
5247638,1,43,6500,55.649554,12.551497,151.16
5273992,2,59,10900,55.726775,12.477716,184.75
5266731,2,31,7500,55.68671,12.503927,241.94
5061339,2,54,12700,55.664897,12.536063,235.19
5249734,3,122,12500,55.684919,12.614788,102.46
4933804,3,83,12267,55.621063,12.573203,147.8
5270980,2,69,11630,55.660841,12.50309,168.55
5024243,4,107,14500,55.635753,12.580312,135.51
5112271,3,91,12297,55.61781,12.572924,135.13
5270474,3,90,16000,55.677717,12.578245,177.78
5062039,2,86,12000,55.700269,12.545727,139.53
5249766,2,55,9900,55.711877,12.560336,180.0
5181575,4,105,14859,55.657196,12.500426,141.51
5262326,2,52,10140,55.646395,12.637199,195.0
5275340,1,34,6200,55.720895,12.556455,182.35
5271364,1,32,6250,55.72722,12.47929,195.31
5266222,4,130,16500,55.707105,12.445281,126.92
5249741,1,8,5000,55.672638,12.552493,625.0
3728881,2,62,12500,55.71203,12.571428,201.61
4572076,2,52,7354,55.695959,12.500281,141.42
5143983,3,102,14035,55.698748,12.53532,137.6
5252433,2,73,11630,55.656761,12.503792,159.32
5266718,2,56,10000,55.655898,12.503485,178.57
5244746,2,56,11900,55.709572,12.566432,212.5
5268101,1,54,10000,55.689953,12.562738,185.19
5187916,2,81,12870,55.661812,12.569668,158.89
5275418,2,83,15700,55.700668,12.535284,189.16
5250949,4,104,14935,55.662742,12.596234,143.61
5274332,2,104,19000,55.699196,12.593657,182.69
5267433,4,105,17425,55.706699,12.53082,165.95
5127687,4,96,13000,55.626185,12.576225,135.42
5270946,4,105,14450,55.618121,12.567602,137.62
5211868,1,32,6150,55.72722,12.47929,192.19
5149579,1,32,7450,55.667515,12.621765,232.81
5262444,1,41,6200,55.707601,12.531026,151.22
5217949,3,94,14850,55.659896,12.57005,157.98
5246108,1,35,6650,55.695462,12.524558,190.0
5194789,3,52,12400,55.664505,12.591295,238.46
5262431,1,31,7050,55.703613,12.553748,227.42
5274217,1,38,8600,55.712077,12.575295,226.32
5274105,3,80,13600,55.609727,12.583102,170.0
5238047,2,54,12500,55.706647,12.593854,231.48
5275267,3,85,16100,55.691,12.531834,189.41
5121279,3,79,12905,55.656761,12.503792,163.35
5274117,3,77,13300,55.61915,12.570791,172.73
5216831,3,92,13850,55.64695,12.543446,150.54
5121282,4,101,14747,55.656909,12.501427,146.01
5242922,2,96,14539,55.68406,12.515149,151.45
4966924,4,118,15300,55.676983,12.436204,129.66
5238607,1,50,8995,55.732809,12.565759,179.9
4974061,3,73,9200,55.723913,12.507285,126.03
5262325,2,46,9568,55.646606,12.636577,208.0
5249778,1,16,3600,55.673427,12.596042,225.0
5007343,1,14,5150,55.695252,12.523573,367.86
5112375,2,61,11721,55.62184,12.572173,192.15
4979629,2,65,10950,55.617418,12.566349,168.46
5273961,2,52,11200,55.667881,12.516962,215.38
4954929,1,13,4920,55.69618,12.524019,378.46
5252436,2,75,13170,55.661812,12.569668,175.6
5272097,2,65,12200,55.636558,12.580429,187.69
5115245,5,123,16705,55.621711,12.572956,135.81
5112364,5,118,17907,55.621337,12.573197,151.75
5217948,5,130,15650,55.635082,12.581158,120.38
5275336,2,73,13000,55.705286,12.543816,178.08
4889880,3,100,15990,55.709981,12.576761,159.9
5249183,1,54,10000,55.689891,12.562905,185.19
5194819,2,58,11950,55.704081,12.588843,206.03
5249752,1,14,3900,55.69289,12.547805,278.57
5179335,3,115,17791,55.735213,12.573734,154.7
5153026,1,38,8607,55.713941,12.559926,226.5
5227236,5,309,65000,55.680716,12.602132,210.36
5249744,1,50,9500,55.671126,12.517145,190.0
4900882,1,14,5150,55.69618,12.524019,367.86
5088657,1,32,7334,55.705502,12.527119,229.19
4987836,1,42,6189,55.667178,12.620381,147.36
5273981,2,33,10400,55.681072,12.521405,315.15
5189680,2,62,12342,55.658226,12.560504,199.06
5274038,4,102,15100,55.617802,12.569192,148.04
5268156,2,51,10300,55.671519,12.522101,201.96
5275417,2,64,12100,55.700668,12.535284,189.06
5003287,2,68,11000,55.655187,12.548544,161.76
5212657,3,70,12200,55.635957,12.577198,174.29
5145339,3,90,15900,55.689876,12.564372,176.67
5242975,4,222,38200,55.680634,12.588782,172.07
5258513,1,15,3900,55.715922,12.535498,260.0
5249718,1,15,4200,55.640874,12.58963,280.0
5254796,1,16,5500,55.740413,12.473151,343.75
5197159,2,65,12500,55.72244,12.557737,192.31
5273993,2,51,10200,55.71046,12.484442,200.0
5242841,2,71,11950,55.682748,12.455784,168.31
5144890,4,108,18000,55.678251,12.57365,166.67
5011142,1,35,7450,55.667515,12.621765,212.86
5179167,4,107,14875,55.653859,12.503733,139.02
5263632,2,61,11500,55.634942,12.579119,188.52
5206496,1,55,8800,55.649554,12.551497,160.0
5185287,4,100,13800,55.626185,12.576225,138.0
5248806,4,164,21520,55.699561,12.577984,131.22
5080325,5,131,18400,55.644377,12.548894,140.46
5241118,5,152,27500,55.688113,12.515788,180.92
5254791,3,87,13760,55.706205,12.53494,158.16
5113676,1,8,4500,55.692314,12.54421,562.5
5247695,4,95,16016,55.664493,12.591439,168.59
5274015,2,48,10200,55.71046,12.484442,212.5
5054949,1,35,8618,55.679425,12.551437,246.23
5248133,1,43,6629,55.652406,12.5122,154.16
4921301,1,20,6000,55.695502,12.54533,300.0
5248781,3,78,16750,55.665578,12.533916,214.74
5200807,1,12,5500,55.701622,12.575685,458.33
5266835,3,76,15400,55.707014,12.573501,202.63
5064407,3,108,14883,55.678166,12.493615,137.81
5266715,2,81,14085,55.68704,12.548191,173.89
5248168,4,122,23000,55.636811,12.606093,188.52
5185286,5,110,19995,55.69877,12.535178,181.77
5261950,4,122,21000,55.687566,12.562154,172.13
5249722,1,20,3000,55.717262,12.485402,150.0
5213502,2,58,11100,55.634968,12.580811,191.38
5249747,1,12,3900,55.706031,12.552815,325.0
5246107,1,35,6650,55.695462,12.524558,190.0
5086675,2,56,10475,55.636709,12.582897,187.05
5239422,2,59,11700,55.638214,12.58092,198.31
5217944,3,92,14700,55.654295,12.568211,159.78
5270233,1,33,7950,55.679639,12.548044,240.91
5166742,3,105,15000,55.65878,12.562653,142.86
5270981,2,67,11630,55.660841,12.50309,173.58
5211309,3,83,14248,55.664493,12.591439,171.66
5158075,3,95,17950,55.658832,12.633643,188.95
4883005,3,111,17000,55.683567,12.581772,153.15
5252438,3,81,13225,55.656761,12.503792,163.27
5262324,1,31,10500,55.686301,12.589569,338.71
5241114,4,131,18500,55.733686,12.564141,141.22
5263645,4,166,27283,55.732739,12.561723,164.36
4960416,1,24,5999,55.6688,12.499741,249.96
5022489,1,15,7000,55.688385,12.508888,466.67
5105724,5,127,16650,55.705827,12.433875,131.1
5179192,5,134,18000,55.619128,12.568626,134.33
5216766,1,37,5633,55.707792,12.485342,152.24
5274099,2,67,13800,55.667523,12.627036,205.97
5266725,1,48,8000,55.655898,12.503485,166.67
5247677,2,53,11311,55.636709,12.582897,213.42
5074404,3,86,12807,55.626185,12.576225,148.92
5247646,3,91,12395,55.651821,12.554816,136.21
5121297,2,86,15999,55.67783,12.573206,186.03
5184522,3,99,15700,55.665227,12.624279,158.59
5251674,3,91,11317,55.678938,12.450205,124.36
5247645,3,79,12700,55.652367,12.55653,160.76
5079087,4,136,17500,55.651292,12.542151,128.68
5273996,2,52,10100,55.71046,12.484442,194.23
4739392,2,56,11500,55.665367,12.598933,205.36
5262457,3,98,15400,55.663616,12.624077,157.14
5273104,2,53,11900,55.66553,12.62733,224.53
5242877,4,110,15900,55.653056,12.543546,144.55
5263183,1,50,8350,55.678873,12.530872,167.0
5239432,2,60,11700,55.634942,12.579119,195.0
5149924,3,102,14995,55.665165,12.510616,147.01
4900278,3,65,12799,55.663095,12.593584,196.91
5023175,3,121,15106,55.68412,12.615212,124.84
5263958,2,116,16000,55.707202,12.526368,137.93
5193032,1,37,8584,55.679425,12.551437,232.0
4974060,3,73,9200,55.723913,12.507285,126.03
4856694,3,90,13466,55.726121,12.478513,149.62
5249777,1,21,5000,55.665835,12.509698,238.1
5273091,2,60,11900,55.637755,12.580868,198.33
5130194,3,82,12400,55.640331,12.582975,151.22
5271983,2,53,12100,55.622082,12.573736,228.3
5248129,3,81,13012,55.660841,12.50309,160.64
5270948,2,66,11100,55.640331,12.582975,168.18
4956329,2,74,14500,55.680218,12.590206,195.95
5085935,4,126,20300,55.698585,12.585769,161.11
5249262,2,88,12480,55.66739,12.62021,141.82
5181932,3,84,13900,55.703795,12.503554,165.48
5092270,4,102,14000,55.707173,12.491523,137.25
4856705,4,105,17495,55.678128,12.573445,166.62
5247694,3,89,13865,55.663095,12.593584,155.79
5262866,2,71,14995,55.693037,12.55199,211.2
5112302,4,119,20000,55.732739,12.561723,168.07
5249727,1,7,3500,55.69289,12.547805,500.0
5249704,1,56,11900,55.686667,12.528529,212.5
5273121,2,32,10750,55.681189,12.518624,335.94
5262426,1,45,7400,55.649554,12.551497,164.44
5017590,1,28,8300,55.663553,12.591,296.43
5274027,3,89,15500,55.666197,12.621256,174.16
5274032,3,94,15400,55.666493,12.624566,163.83
4857750,4,151,29500,55.685175,12.565269,195.36
5248022,1,49,8400,55.703754,12.537448,171.43
5262428,1,34,6300,55.649554,12.551497,185.29
5054948,1,43,7640,55.701219,12.535712,177.67
5224886,2,110,19800,55.679212,12.569246,180.0
5107678,4,114,15900,55.645625,12.548263,139.47
5253495,5,130,17900,55.654547,12.612201,137.69
5262441,3,80,13000,55.657994,12.511751,162.5
5266714,1,39,5937,55.707792,12.485342,152.23
5245187,1,180,19800,55.680659,12.571175,110.0
4956083,2,63,11050,55.617418,12.566349,175.4
5258841,3,69,12800,55.62027,12.573462,185.51
5185814,1,35,7904,55.679425,12.551437,225.83
5185816,1,43,7939,55.701219,12.535712,184.63
5205808,1,41,9000,55.705378,12.543452,219.51
5249770,1,45,9500,55.671264,12.514637,211.11
5242875,4,110,16300,55.653056,12.543546,148.18
5179340,3,65,13118,55.663095,12.593584,201.82
5117845,2,115,18820,55.661812,12.569668,163.65
5190072,2,79,13800,55.648375,12.553065,174.68
5241712,5,152,16052,55.606586,12.593683,105.61
5101208,3,134,19000,55.691701,12.524678,141.79
5270983,3,79,13332,55.656761,12.503792,168.76
5143981,4,86,15995,55.698748,12.53532,185.99
5150806,4,130,14500,55.738439,12.507797,111.54
5266787,3,86,12800,55.626185,12.576225,148.84
4992910,1,14,7000,55.6371,12.575012,500.0
4956190,5,195,24200,55.620428,12.572797,124.1
5136252,3,85,16950,55.671032,12.585607,199.41
3728880,2,70,13000,55.706672,12.595776,185.71
5263106,1,64,14500,55.668598,12.54707,226.56
5208360,1,36,9500,55.663553,12.591,263.89
5273982,2,43,10300,55.651307,12.511187,239.53
5126148,2,43,9800,55.665096,12.456153,227.91
5262459,3,99,17900,55.703844,12.594553,180.81
5086692,3,91,12750,55.676421,12.436609,140.11
5239919,3,108,14300,55.638175,12.581597,132.41
5246611,4,121,21340,55.688969,12.559045,176.36
5247625,3,94,13900,55.706052,12.5376,147.87
5242795,4,102,13950,55.727318,12.474743,136.76
5242796,4,97,13500,55.727318,12.474743,139.18
5246675,3,87,11500,55.72453,12.474464,132.18
5126124,1,28,7488,55.645948,12.63612,267.43
5266712,3,114,15520,55.686241,12.488985,136.14
5208330,1,48,10000,55.616671,12.565964,208.33
5184525,1,35,6650,55.69618,12.524019,190.0
5252876,3,71,11950,55.711095,12.47929,168.31
5249723,1,38,10000,55.649105,12.611941,263.16
5272667,2,61,13800,55.667523,12.627036,226.23
5082596,3,107,19500,55.676761,12.531524,182.24
5254001,2,66,12900,55.701024,12.580537,195.45
5272781,2,29,10900,55.681189,12.518624,375.86
5127791,5,161,21627,55.675097,12.548271,134.33
4856955,4,117,16946,55.652386,12.511991,144.84
5163219,3,124,18750,55.686736,12.584134,151.21
5092337,2,89,12815,55.725437,12.478625,143.99
4992890,3,81,17000,55.689958,12.554588,209.88
5265261,1,12,4500,55.69289,12.547805,375.0
5181545,1,23,7000,55.68671,12.503927,304.35
5188873,1,35,8000,55.688441,12.491476,228.57
5272685,3,74,13400,55.639789,12.582016,181.08
5272824,1,26,7900,55.681189,12.518624,303.85
5247356,1,40,8095,55.695357,12.534754,202.38
5272060,3,81,13400,55.617802,12.569192,165.43
4813572,3,122,15800,55.664442,12.601083,129.51
5258838,2,71,11525,55.677018,12.435548,162.32
4873697,3,143,18500,55.672672,12.558478,129.37
5143984,3,89,13600,55.655513,12.547887,152.81
5239390,3,91,14000,55.637843,12.580475,153.85
5242873,5,147,21500,55.648393,12.553017,146.26
5242878,3,78,14200,55.651319,12.555321,182.05
5258842,4,101,15750,55.649703,12.550492,155.94
5273099,2,38,11800,55.681189,12.518624,310.53
5249728,1,17,5500,55.715727,12.47189,323.53
5263586,1,30,6250,55.727285,12.479933,208.33
5268071,4,130,28000,55.668452,12.534562,215.38
5273094,1,38,11900,55.681189,12.518624,313.16
5241113,3,93,15500,55.685697,12.615687,166.67
5054100,4,109,14040,55.676413,12.437081,128.81
5247693,2,64,12626,55.649051,12.535273,197.28
5194787,3,87,14600,55.646565,12.552006,167.82
5262447,1,41,6200,55.707601,12.531026,151.22
5243759,3,141,20900,55.669039,12.58068,148.23
5011140,4,101,14400,55.635435,12.577151,142.57
4856612,2,80,12826,55.656387,12.509244,160.32
5239424,2,59,11700,55.638214,12.58092,198.31
5232153,4,111,16200,55.653134,12.548116,145.95
5078239,3,106,18700,55.658832,12.633643,176.42
5083785,1,32,7334,55.705502,12.527119,229.19
5248809,4,111,14617,55.676169,12.436299,131.68
4880219,1,14,5150,55.69618,12.524019,367.86
5237942,2,53,10200,55.665229,12.456205,192.45
5266717,2,63,11800,55.652309,12.556465,187.3
5273101,2,62,11700,55.622082,12.573736,188.71
5220336,3,95,14600,55.637796,12.581832,153.68
5243014,3,66,12950,55.618372,12.573111,196.21
5234625,2,108,17000,55.672118,12.59208,157.41
5266716,3,105,15995,55.660133,12.560764,152.33
5163222,4,95,17000,55.697442,12.538697,178.95
5258836,3,87,13700,55.649703,12.550492,157.47
5242937,4,115,16770,55.652386,12.511991,145.83
5271988,3,74,12000,55.71046,12.484442,162.16
5242850,2,83,12600,55.682748,12.455784,151.81
5212120,4,125,15800,55.625388,12.57149,126.4
5188888,1,35,6650,55.695252,12.523573,190.0
5074399,4,101,13752,55.626185,12.576225,136.16
5248001,1,37,6900,55.703754,12.537448,186.49
5273986,1,41,10200,55.688463,12.494303,248.78
5273925,1,29,7300,55.688463,12.494303,251.72
5266726,1,45,8000,55.655898,12.503485,177.78
5273943,2,32,11050,55.681189,12.518624,345.31
4559159,2,68,12000,55.681249,12.578823,176.47
5242803,3,86,13200,55.634696,12.579943,153.49
5112376,3,90,13240,55.621584,12.57341,147.11
5270952,2,108,18500,55.673172,12.590052,171.3
5247696,2,63,12782,55.649051,12.535273,202.89
5158077,4,122,20500,55.703983,12.596326,168.03
5249763,1,8,4500,55.718899,12.492832,562.5
5239216,3,60,11700,55.727596,12.479145,195.0
5112511,4,90,14200,55.635957,12.577198,157.78
5077231,2,70,10900,55.683682,12.458612,155.71
5239388,2,66,13200,55.637664,12.580775,200.0
5242865,4,106,14900,55.682748,12.455784,140.57
5266704,4,117,15200,55.640331,12.582975,129.91
5246692,1,64,11500,55.689953,12.562738,179.69
5227993,4,108,16500,55.619409,12.567984,152.78
5179172,3,90,13950,55.653859,12.503733,155.0
5242851,4,103,14850,55.682748,12.455784,144.17
5247624,4,102,16600,55.659681,12.512877,162.75
5183552,3,119,17900,55.677985,12.574255,150.42
5118156,4,110,17250,55.65141,12.541841,156.82
4856927,3,107,17495,55.678128,12.573445,163.5
5211186,1,51,8575,55.649554,12.551497,168.14
5171425,4,111,17200,55.653134,12.548116,154.95
5194070,1,29,6150,55.727285,12.479933,212.07
5179338,5,192,31090,55.734451,12.573912,161.93
5195416,4,112,14800,55.638359,12.58366,132.14
5243685,3,152,25000,55.699216,12.593541,164.47
4933797,5,126,16379,55.621352,12.572437,129.99
5248586,1,37,6900,55.703754,12.537448,186.49
5269024,1,28,7900,55.663553,12.591,282.14
5248002,1,49,8000,55.703754,12.537448,163.27
5242860,2,74,12400,55.682748,12.455784,167.57
5242840,2,76,12350,55.682748,12.455784,162.5
5242871,3,87,13100,55.682748,12.455784,150.57
5081664,2,67,11050,55.671176,12.472884,164.93
4515306,2,69,16500,55.665198,12.533776,239.13
5208329,3,87,13300,55.616671,12.565964,152.87
5113429,4,123,19000,55.679003,12.573068,154.47
5015732,1,43,10000,55.616959,12.566361,232.56
4856746,2,79,13300,55.732739,12.561723,168.35
5162548,4,114,16249,55.656909,12.501427,142.54
5262418,3,155,20000,55.607516,12.581085,129.03
4984281,1,47,8003,55.695462,12.524558,170.28
5242790,2,63,13400,55.62027,12.573462,212.7
5073502,3,94,17800,55.670568,12.585183,189.36
5185285,4,96,14000,55.626185,12.576225,145.83
5242869,3,101,13700,55.682748,12.455784,135.64
5189042,3,148,22000,55.707048,12.576113,148.65
4991153,4,173,28800,55.667563,12.531727,166.47
5242867,4,106,14800,55.682748,12.455784,139.62
5261951,4,200,39000,55.673645,12.545902,195.0
4900082,5,152,22000,55.684119,12.585351,144.74
5242872,3,97,13500,55.682748,12.455784,139.18
5202617,4,97,13300,55.727318,12.474743,137.11
5184615,1,32,6350,55.72722,12.47929,198.44
5179307,2,194,32000,55.726972,12.577694,164.95
5268051,4,105,14950,55.618673,12.567705,142.38
5258834,1,55,8800,55.649554,12.551497,160.0
5027891,3,83,12600,55.676983,12.436204,151.81
5211185,3,88,13900,55.649703,12.550492,157.95
5184504,4,133,22167,55.707098,12.594016,166.67
5258833,5,128,18100,55.649703,12.550492,141.41
5268052,4,105,14950,55.618673,12.567705,142.38
5112334,3,89,13800,55.65554,12.548269,155.06
5195418,3,88,13600,55.652309,12.556465,154.55
5143986,2,71,11000,55.712147,12.472082,154.93
5209615,1,32,7334,55.705502,12.527119,229.19
5105803,5,123,16705,55.621711,12.572956,135.81
5262439,3,84,14000,55.660112,12.512251,166.67
5118157,2,62,15250,55.665578,12.533849,245.97
5121299,4,97,16120,55.664493,12.591439,166.19
5212658,3,85,12550,55.636125,12.581212,147.65
5217936,4,100,14100,55.711801,12.480088,141.0
5242847,3,109,14400,55.682748,12.455784,132.11
5218737,4,222,39600,55.680634,12.588782,178.38
5242868,3,87,13100,55.682748,12.455784,150.57
5239917,2,57,11700,55.638307,12.581241,205.26
5252431,4,102,17195,55.698748,12.53532,168.58
5242858,2,74,12300,55.682748,12.455784,166.22
5235762,4,122,16775,55.652386,12.511991,137.5
5212077,3,104,13350,55.739646,12.487692,128.37
5181918,3,75,12700,55.727596,12.479145,169.33
5262425,4,102,13700,55.727318,12.474743,134.31
5242791,3,66,12950,55.62027,12.573462,196.21
5238514,3,70,13450,55.664906,12.611227,192.14
5239922,3,100,15000,55.638175,12.581597,150.0
5239930,3,108,14600,55.638175,12.581597,135.19
5121290,3,103,14717,55.662119,12.596402,142.88
5242861,2,74,12500,55.682748,12.455784,168.92
5073496,3,120,20560,55.684585,12.551257,171.33
5190071,2,74,12950,55.646106,12.547326,175.0
5184704,3,103,20900,55.668146,12.556642,202.91
5189646,5,120,18910,55.657128,12.509917,157.58
5261850,4,111,14250,55.6341,12.580702,128.38
5239927,3,77,12900,55.638001,12.581605,167.53
5239336,2,57,11700,55.638315,12.581096,205.26
5143240,5,109,16200,55.658039,12.512355,148.62
5189050,3,149,36000,55.726972,12.577694,241.61
5272819,1,44,9000,55.667881,12.516962,204.55
5237946,2,66,11800,55.665348,12.457358,178.79
5243716,2,84,12600,55.683006,12.456226,150.0
5239347,3,77,13200,55.638001,12.581605,171.43
5022937,4,96,16500,55.619409,12.567984,171.88
5044231,2,76,11700,55.688955,12.449246,153.95
5112331,3,102,18380,55.688602,12.559418,180.2
5242866,4,112,15000,55.682748,12.455784,133.93
5123369,3,77,18500,55.671396,12.589815,240.26
5112327,3,161,21000,55.672672,12.558478,130.43
4740047,5,191,25000,55.676207,12.575812,130.89
5239377,2,71,12400,55.637749,12.581051,174.65
5243015,3,66,13750,55.618372,12.573111,208.33
5121287,4,99,15786,55.660841,12.50309,159.45
5246678,1,42,9100,55.705378,12.543452,216.67
5003213,1,47,8018,55.695462,12.524558,170.6
5239356,2,52,12000,55.637921,12.581371,230.77
5239425,2,69,12700,55.638325,12.58099,184.06
5242833,3,90,13500,55.682748,12.455784,150.0
5239370,2,64,11900,55.637841,12.58114,185.94
5239434,2,60,11800,55.634942,12.579119,196.67
5239401,2,61,11800,55.637897,12.580714,193.44
5242793,4,101,15100,55.677018,12.435548,149.5
5242792,4,101,14975,55.677018,12.435548,148.27
5242822,3,97,14500,55.619409,12.567984,149.48
5252870,4,93,12900,55.711542,12.480989,138.71
5242849,2,83,12800,55.682748,12.455784,154.22
5243757,2,115,25400,55.678158,12.581217,220.87
5237518,4,104,18145,55.65273,12.545434,174.47
5239352,3,65,13500,55.637921,12.581371,207.69
5239406,2,67,12400,55.637843,12.580475,185.07
5065032,5,128,19733,55.678026,12.494112,154.16
5239414,2,64,11700,55.638117,12.580798,182.81
5238109,2,62,11200,55.676449,12.436417,180.65
5211318,5,112,16100,55.616521,12.566203,143.75
5262440,3,85,14000,55.660255,12.512381,164.71
5239335,4,95,17000,55.634942,12.579119,178.95
5235747,2,107,18500,55.678756,12.590644,172.9
5237520,3,92,15245,55.65243,12.545442,165.71
5252875,3,71,11950,55.711095,12.47929,168.31
5239376,2,60,11900,55.637755,12.580868,198.33
4856505,2,111,16409,55.684835,12.501109,147.83
5244091,2,130,18500,55.683833,12.587061,142.31
5242859,3,93,15200,55.682748,12.455784,163.44
5239348,3,77,13300,55.638001,12.581605,172.73
5158632,4,165,35000,55.679257,12.589305,212.12
5015671,1,43,10000,55.616521,12.566203,232.56
5239400,2,67,11900,55.637843,12.580475,177.61
5175913,3,125,22000,55.672345,12.552277,176.0
5111296,2,73,11775,55.61985,12.574296,161.3
4956109,2,64,10450,55.617418,12.566349,163.28
5243717,2,76,12450,55.682748,12.455784,163.82
5025930,4,120,16575,55.63393,12.597071,138.12
5239923,4,113,17000,55.638001,12.581605,150.44
5251669,3,123,17500,55.658423,12.51391,142.28
5239403,2,61,11700,55.637897,12.580714,191.8
5079059,4,142,24850,55.68439,12.571234,175.0
5239393,3,95,14400,55.637664,12.580775,151.58
5239404,2,60,12200,55.637997,12.580752,203.33
5072939,3,108,18750,55.676448,12.569685,173.61
5240218,2,79,13400,55.638175,12.581597,169.62
2694681,2,69,12500,55.711711,12.563395,181.16
5239435,2,60,12200,55.634942,12.579119,203.33
5239363,2,59,11800,55.637921,12.581371,200.0
5112337,3,98,17300,55.679568,12.574248,176.53
5176356,3,69,14000,55.663553,12.591,202.9
5251681,1,93,14500,55.620262,12.571017,155.91
5240226,4,118,16700,55.638175,12.581597,141.53
5239378,2,52,11800,55.637921,12.581371,226.92
5238584,3,87,13100,55.682748,12.455784,150.57
4962750,5,114,15900,55.619459,12.572437,139.47
4968631,5,211,29935,55.73531,12.574357,141.87
5248612,1,38,6900,55.703754,12.537448,181.58
5242843,3,97,13600,55.682748,12.455784,140.21
5252895,2,68,11900,55.637897,12.580714,175.0
5238459,1,35,8250,55.688441,12.491476,235.71
5239341,4,140,17900,55.638175,12.581597,127.86
5211178,2,59,12100,55.640331,12.582975,205.08
5079407,3,95,16950,55.651292,12.542151,178.42
5238106,2,65,11150,55.676449,12.436417,171.54
5177865,1,51,8250,55.649554,12.551497,161.76
5242838,3,90,13200,55.682748,12.455784,146.67
5239398,4,105,16700,55.637843,12.580475,159.05
5242842,3,97,13900,55.682748,12.455784,143.3
5190916,2,91,13484,55.649051,12.535273,148.18
5121217,3,110,17500,55.697898,12.493852,159.09
5258835,4,97,13300,55.727318,12.474743,137.11
5248614,1,37,6900,55.703754,12.537448,186.49
5252180,2,60,11950,55.635287,12.578356,199.17
5243013,2,63,13400,55.618372,12.573111,212.7
5157939,3,90,14200,55.653873,12.503641,157.78
5189148,4,118,15495,55.676193,12.471977,131.31
5185817,1,44,9454,55.679425,12.551437,214.86
5227237,3,134,23500,55.680604,12.534308,175.37
5015492,4,213,34613,55.682729,12.592367,162.5
5243766,2,67,12500,55.646033,12.547263,186.57
5239337,4,95,17100,55.634942,12.579119,180.0
5242837,3,90,13300,55.682748,12.455784,147.78
4999339,2,104,15000,55.679533,12.6031,144.23
5259409,3,89,14950,55.632257,12.577481,167.98
5126171,1,32,6350,55.72722,12.47929,198.44
5083778,4,194,26152,55.680223,12.578604,134.8
5240222,3,96,14100,55.638175,12.581597,146.88
5072234,4,106,14861,55.61781,12.572924,140.2
4977133,2,64,11250,55.617418,12.566349,175.78
5239354,3,65,13300,55.637841,12.58114,204.62
5079393,5,166,29050,55.684456,12.551164,175.0
5258837,4,129,16100,55.677018,12.435548,124.81
5121277,4,97,15572,55.660841,12.50309,160.54
5175121,4,104,14200,55.671176,12.472884,136.54
5189006,2,168,24000,55.665249,12.599428,142.86
5175003,3,119,18700,55.683877,12.504041,157.14
5239396,3,91,14800,55.637843,12.580475,162.64
5239402,3,70,13700,55.637997,12.580752,195.71
5239419,2,64,12500,55.638117,12.580798,195.31
5194824,2,59,11250,55.636709,12.582897,190.68
5239391,3,91,14300,55.637843,12.580475,157.14
5088229,2,52,11400,55.637841,12.58114,219.23
5239380,3,78,13800,55.637749,12.581051,176.92
5239436,2,52,12000,55.637841,12.58114,230.77
5239411,3,74,13800,55.638117,12.580798,186.49
5058048,3,107,20800,55.671843,12.572796,194.39
5092265,4,93,13700,55.711542,12.480989,147.31
5239429,3,76,14700,55.638325,12.58099,193.42
5239387,4,109,16300,55.637664,12.580775,149.54
5080310,4,132,24400,55.648474,12.552865,184.85
5194796,1,23,7150,55.68671,12.503927,310.87
4956184,1,50,10000,55.668393,12.612989,200.0
5240231,3,96,14500,55.638175,12.581597,151.04
5167379,5,93,14535,55.705339,12.501393,156.29
5175894,1,31,6250,55.727285,12.479933,201.61
5239382,2,68,12200,55.637755,12.580868,179.41
5262443,1,23,7050,55.68671,12.503927,306.52
5265209,3,155,23500,55.675314,12.568886,151.61
5239373,4,85,15700,55.637841,12.58114,184.71
5239340,3,96,14200,55.638175,12.581597,147.92
5239374,3,65,13200,55.637841,12.58114,203.08
5194168,1,60,11700,55.668745,12.613605,195.0
5239368,3,65,13200,55.637921,12.581371,203.08
5239334,2,66,12400,55.638237,12.581356,187.88
5239372,2,52,11900,55.637921,12.581371,228.85
5239375,2,52,12200,55.637841,12.58114,234.62
5239405,3,70,14100,55.637997,12.580752,201.43
5239369,3,69,13200,55.637921,12.581371,191.3
5239379,3,78,13700,55.637749,12.581051,175.64
5239355,3,69,13400,55.637841,12.58114,194.2
5239364,2,52,11900,55.637841,12.58114,228.85
5239361,3,78,14000,55.637749,12.581051,179.49
5205910,4,118,18700,55.649294,12.553301,158.47
5208359,1,30,8700,55.663553,12.591,290.0
5252879,3,80,12100,55.711095,12.47929,151.25
5252182,2,56,11900,55.636125,12.581213,212.5
5202618,3,108,14900,55.632422,12.576245,137.96
5217947,4,127,19400,55.653492,12.567663,152.76
5240224,4,140,18100,55.638175,12.581597,129.29
5242935,3,89,13350,55.676419,12.436414,150.0
5240229,4,113,17400,55.638001,12.581605,153.98
5239358,3,69,13600,55.637841,12.58114,197.1
5003286,1,43,9192,55.679425,12.551437,213.77
5246719,3,99,13600,55.682748,12.455784,137.37
5087553,2,62,10950,55.676449,12.436417,176.61
3379418,3,142,17875,55.688955,12.449246,125.88
5079401,3,95,17400,55.704161,12.59677,183.16
5258687,1,32,7500,55.665096,12.456153,234.38
5127689,3,93,12900,55.626185,12.576225,138.71
5113960,3,76,11800,55.682203,12.454611,155.26
5023174,4,103,13737,55.676421,12.436609,133.37
5239349,3,69,13300,55.637841,12.58114,192.75
5243718,2,84,12400,55.683006,12.456226,147.62
5246699,3,97,13700,55.683006,12.456226,141.24
5261849,2,95,16000,55.721972,12.579869,168.42
5112326,1,39,8510,55.679425,12.551437,218.21
5239920,2,57,11800,55.638315,12.581096,207.02
5246729,4,112,14900,55.682748,12.455784,133.04
5180436,2,158,25000,55.679785,12.603425,158.23
5273092,3,79,11900,55.711542,12.480989,150.63
5176242,1,38,9300,55.660626,12.613696,244.74
5189612,3,70,13250,55.619128,12.568626,189.29
5239481,3,93,15438,55.646465,12.551933,166.0
5086662,2,107,17500,55.671337,12.564363,163.55
5251771,3,108,17500,55.632257,12.577481,162.04
5117192,3,167,32000,55.686293,12.591646,191.62
5240219,4,107,15900,55.638175,12.581597,148.6
5045578,3,77,14150,55.621329,12.568791,183.77
5239339,2,57,11800,55.638307,12.581241,207.02
5248584,1,37,6900,55.703754,12.537448,186.49
5239359,3,69,13300,55.637921,12.581371,192.75
5239916,4,140,18600,55.638175,12.581597,132.86
5233492,4,113,16900,55.653134,12.548116,149.56
5143965,3,175,21000,55.702201,12.585425,120.0
5022408,2,110,19000,55.73363,12.574908,172.73
5239929,4,118,16500,55.638175,12.581597,139.83
5240223,3,100,15200,55.638175,12.581597,152.0
5113442,2,62,10050,55.676449,12.436417,162.1
5211179,2,59,12200,55.640331,12.582975,206.78
5247639,4,114,15600,55.652309,12.556465,136.84
5183555,3,108,17565,55.677779,12.57341,162.64
5179268,2,105,17087,55.712537,12.564038,162.73
5243752,3,84,13600,55.616671,12.565964,161.9
5080335,3,96,17700,55.704347,12.593984,184.38
5244176,3,80,14500,55.663031,12.626929,181.25
5195417,3,69,13650,55.664898,12.611405,197.83
5239351,3,69,13200,55.637841,12.58114,191.3
5208331,1,47,10000,55.61687,12.566039,212.77
5183553,4,177,26560,55.677779,12.57341,150.06
5239418,3,70,13600,55.638214,12.58092,194.29
5195414,4,114,15800,55.652309,12.556465,138.6
5239483,3,92,15640,55.646465,12.551933,170.0
5244126,2,98,16000,55.650254,12.554918,163.27
5158556,2,114,15470,55.634562,12.582097,135.7
5246722,3,101,13650,55.682748,12.455784,135.15
5262424,4,102,14450,55.727318,12.474743,141.67
5092241,4,93,14150,55.711801,12.480088,152.15
5080388,3,103,22500,55.675466,12.593536,218.45
5179150,1,38,9300,55.660626,12.613696,244.74
5153010,2,91,17500,55.671843,12.572796,192.31
4953604,2,62,11100,55.676449,12.436417,179.03
5206500,3,92,15640,55.646565,12.552006,170.0
5246704,2,76,12350,55.682748,12.455784,162.5
5083072,4,134,20150,55.653492,12.567663,150.37
4816585,3,83,12600,55.67685,12.43622,151.81
5260083,2,98,15400,55.658929,12.512664,157.14
5205557,4,118,18700,55.649294,12.553301,158.47
4821327,3,179,23895,55.683237,12.573066,133.49
5239413,3,74,14300,55.638117,12.580798,193.24
5174258,3,73,12400,55.727596,12.479145,169.86
5239371,2,52,11800,55.637841,12.58114,226.92
5247640,3,92,13300,55.651584,12.555794,144.57
5243029,4,101,15100,55.677077,12.434502,149.5
5239423,3,70,14400,55.638214,12.58092,205.71
5175037,4,115,15195,55.697956,12.505872,132.13
5158557,4,165,35000,55.679238,12.589206,212.12
4991229,4,250,35800,55.709615,12.57847,143.2
5239386,2,68,12500,55.637755,12.580868,183.82
5009489,2,149,28000,55.657744,12.567416,187.92
5150827,4,118,17900,55.644235,12.549001,151.69
4956216,3,108,13400,55.738722,12.488817,124.07
4856757,3,110,14899,55.738156,12.506994,135.45
5252854,3,102,17425,55.64788,12.552908,170.83
5126129,1,30,8409,55.645948,12.63612,280.3
5175448,3,98,14100,55.654178,12.549055,143.88
4956099,2,64,10550,55.617418,12.566349,164.84
5194155,3,99,16500,55.656178,12.552475,166.67
5246786,2,77,12100,55.61921,12.57246,157.14
5239486,3,105,14300,55.677077,12.434502,136.19
5183554,3,121,20200,55.67783,12.573206,166.94
5272893,4,88,14950,55.645205,12.550519,169.89
5106550,4,95,15700,55.648996,12.552234,165.26
5183551,3,121,20300,55.67783,12.573206,167.77
5272804,1,44,9000,55.667881,12.516962,204.55
4953606,3,80,12350,55.676449,12.436417,154.38
5247706,3,85,13300,55.676449,12.436417,156.47
5272681,3,81,13600,55.609727,12.583102,167.9
4932992,2,72,12475,55.620139,12.571179,173.26
5272627,2,66,12200,55.637664,12.580775,184.85
5088658,1,32,7471,55.705502,12.527119,233.47
5272657,3,95,14600,55.70743,12.553607,153.68
5239416,2,64,12200,55.638117,12.580798,190.62
4856541,4,100,14272,55.626185,12.576225,142.72
5060531,2,81,18500,55.667456,12.531951,228.4
5046452,3,69,13200,55.650043,12.53649,191.3
5272652,3,97,14200,55.619392,12.568249,146.39
5179136,4,136,18900,55.653989,12.504537,138.97
5216779,4,112,16195,55.63393,12.597071,144.6
5272695,2,69,13200,55.637921,12.581371,191.3
5272678,2,83,13500,55.659682,12.513208,162.65
5054952,1,47,8916,55.701219,12.535712,189.7
5239357,2,52,12200,55.637921,12.581371,234.62
5272692,3,75,13400,55.635913,12.579078,178.67
5272660,4,94,13900,55.711801,12.480088,147.87
5272721,2,54,12400,55.636724,12.580009,229.63
5243763,5,106,16300,55.619454,12.57111,153.77
5148240,2,66,11500,55.688955,12.449246,174.24
5243764,4,104,17500,55.645488,12.545785,168.27
5272658,4,103,14000,55.71062,12.483975,135.92
5263111,2,69,12000,55.656354,12.502907,173.91
5272653,4,91,14300,55.639433,12.581914,157.14
5116574,2,156,38500,55.671275,12.588102,246.79
5252404,4,103,15400,55.61897,12.567802,149.51
5046515,3,114,14800,55.7177,12.487823,129.82
5248150,2,78,12300,55.617801,12.566495,157.69
5262487,1,35,8200,55.652155,12.549234,234.29
5269023,1,28,8500,55.663553,12.591,303.57
5246200,2,58,11900,55.639915,12.582965,205.17
5239415,2,64,11800,55.638117,12.580798,184.38
5263650,3,71,13500,55.650043,12.53649,190.14
5211399,3,104,14900,55.625388,12.57149,143.27
5046499,4,104,16000,55.648323,12.538355,153.85
5185777,4,114,16995,55.633488,12.597323,149.08
5162488,3,113,14300,55.640331,12.582975,126.55
5190915,3,96,15084,55.649051,12.535273,157.12
5249493,2,64,11950,55.636178,12.580926,186.72
5246728,3,87,13200,55.682748,12.455784,151.72
5207852,3,72,11950,55.711095,12.47929,165.97
5246730,3,86,13200,55.682748,12.455784,153.49
5117279,2,71,11595,55.697808,12.505049,163.31
5246727,3,87,13100,55.682748,12.455784,150.57
5059088,4,93,14900,55.619468,12.572515,160.22
5239487,2,79,13825,55.676739,12.434732,175.0
5252852,4,104,17525,55.648154,12.552848,168.51
5239491,2,73,11525,55.676946,12.434875,157.88
5252909,4,125,17300,55.656497,12.552595,138.4
5246718,2,83,12700,55.682748,12.455784,153.01
5246723,4,103,14750,55.682748,12.455784,143.2
5246726,3,87,13200,55.682748,12.455784,151.72
5252440,1,43,10100,55.616521,12.566203,234.88
5238108,3,85,13100,55.676449,12.436417,154.12
5074400,4,100,13763,55.626185,12.576225,137.63
5246698,2,71,11950,55.682748,12.455784,168.31
5216834,4,111,16835,55.676169,12.436299,151.67
4916881,3,91,14500,55.656178,12.552475,159.34
5261734,3,71,11950,55.71046,12.484442,168.31
4643438,3,100,17850,55.719692,12.577119,178.5
5054946,1,52,9436,55.701219,12.535712,181.46
4837642,3,192,65000,55.657782,12.56212,338.54
4956079,3,80,13350,55.617418,12.566349,166.88
5249750,4,151,29500,55.684243,12.567298,195.36
5155267,3,66,13300,55.618372,12.573111,201.52
5248010,1,37,6900,55.703754,12.537448,186.49
5117366,4,132,14781,55.606643,12.592681,111.98
5092258,4,88,14150,55.711542,12.480989,160.8
5091482,3,153,19000,55.611146,12.585691,124.18
5190928,4,104,15000,55.61897,12.567802,144.23
5246721,2,83,12500,55.682748,12.455784,150.6
5196237,3,81,13500,55.677018,12.435548,166.67
5195415,4,114,15400,55.652309,12.556465,135.09
5078148,1,35,8250,55.688441,12.491476,235.71
5266754,2,158,28000,55.684947,12.590202,177.22
5126126,1,28,8002,55.645948,12.63612,285.79
5087580,3,104,14350,55.671176,12.472884,137.98
5244078,1,32,7700,55.665096,12.456153,240.62
5064391,2,56,11100,55.636709,12.582897,198.21
5216548,2,55,10500,55.705114,12.435315,190.91
5259411,3,97,15611,55.646015,12.552361,160.94
4599706,3,153,30000,55.684508,12.589259,196.08
5221419,4,103,14950,55.619409,12.567984,145.15
4857024,2,80,14035,55.660679,12.629926,175.44
5034619,4,131,16000,55.635112,12.582962,122.14
5074395,3,126,16000,55.663491,12.601004,126.98
5058138,4,106,14100,55.682334,12.455547,133.02
5251668,1,108,16400,55.658423,12.51391,151.85
5272076,4,93,12900,55.711542,12.480989,138.71
5271977,2,66,12200,55.619439,12.569174,184.85
5272049,4,90,14200,55.639674,12.582732,157.78
5238110,2,85,13300,55.676449,12.436417,156.47
5211177,4,116,16000,55.640331,12.582975,137.93
5162490,4,101,15350,55.618467,12.56674,151.98
5272031,3,94,15500,55.664612,12.622703,164.89
5272050,4,107,13900,55.711542,12.480989,129.91
5208358,3,86,15900,55.663553,12.591,184.88
5271998,3,77,12000,55.71046,12.484442,155.84
5272075,4,93,13750,55.711542,12.480989,147.85
5272066,2,79,13000,55.638175,12.581597,164.56
5272105,2,60,12200,55.634942,12.579119,203.33
5239412,3,74,14200,55.638117,12.580798,191.89
5272266,1,85,13900,55.659334,12.513719,163.53
5148688,1,105,13500,55.666606,12.617354,128.57
5111241,2,43,11100,55.705286,12.543816,258.14
5272057,4,92,13850,55.711801,12.480088,150.54
5252927,4,138,21350,55.61897,12.567802,154.71
5263091,1,68,11024,55.646606,12.636577,162.12
4764511,5,169,17200,55.636801,12.618641,101.78
5164147,4,113,15800,55.654178,12.549055,139.82
5121301,3,65,14032,55.663095,12.593584,215.88
4871079,4,120,15898,55.676419,12.436414,132.48
5111169,3,88,14300,55.652591,12.520118,162.5
5271989,3,72,12000,55.71046,12.484442,166.67
5083112,2,63,13132,55.649051,12.535273,208.44
5267192,2,43,9900,55.665096,12.456153,230.23
5194095,2,48,11100,55.705378,12.543452,231.25
5248582,1,44,7300,55.703754,12.537448,165.91
5246671,2,56,13000,55.653284,12.519206,232.14
5170590,5,139,18995,55.676193,12.471977,136.65
5128798,4,97,14150,55.711801,12.480088,145.88
5252850,4,104,16875,55.648154,12.552848,162.26
5246706,3,90,13550,55.682748,12.455784,150.56
5158080,3,98,18100,55.703763,12.595577,184.69
5086165,3,183,29500,55.70772,12.577034,161.2
5211394,4,103,14450,55.671176,12.472884,140.29
4939496,2,73,12630,55.61781,12.572924,173.01
3647161,4,97,14600,55.688955,12.449246,150.52
4856926,3,90,13778,55.726121,12.478513,153.09
5248595,1,37,6900,55.703754,12.537448,186.49
5107666,4,90,15900,55.644186,12.551306,176.67
5037873,1,48,10700,55.668717,12.61303,222.92
5252853,4,103,17850,55.648067,12.552553,173.3
5247996,1,46,7600,55.703754,12.537448,165.22
5205899,3,86,14000,55.619978,12.568789,162.79
5111386,3,88,14300,55.652591,12.520118,162.5
5248013,1,38,7100,55.703754,12.537448,186.84
5266790,4,105,13287,55.676177,12.436038,126.54
5184625,3,108,16300,55.659761,12.515062,150.93
5092263,4,88,13850,55.711542,12.480989,157.39
5126178,1,32,6350,55.72722,12.47929,198.44
5248020,1,37,7100,55.703754,12.537448,191.89
5208356,1,28,12500,55.663553,12.591,446.43
5145322,2,141,30000,55.677205,12.596539,212.77
5111380,5,133,18700,55.618004,12.566581,140.6
5121806,3,104,16450,55.663616,12.624077,158.17
4984334,2,63,11560,55.68408,12.465177,183.49
5246404,4,106,14600,55.631852,12.574902,137.74
5179159,3,91,15825,55.647958,12.553217,173.9
5194812,4,100,17200,55.637796,12.581832,172.0
5116713,4,106,14100,55.682195,12.455194,133.02
5212706,3,107,16300,55.643764,12.55075,152.34
5112311,3,105,14200,55.656227,12.550561,135.24
5079404,3,102,18200,55.703844,12.594553,178.43
5091566,2,71,12700,55.61974,12.57187,178.87
4856619,2,83,12426,55.726121,12.478513,149.71
5126127,1,28,7927,55.645948,12.63612,283.11
5083115,2,81,14377,55.658919,12.560176,177.49
4979400,3,76,13600,55.638315,12.581096,178.95
4562397,3,140,34000,55.657603,12.568007,242.86
5253294,3,93,16220,55.646465,12.551933,174.41
4991843,1,48,10381,55.679425,12.551437,216.27
5160105,3,92,13500,55.677018,12.435548,146.74
5248018,1,37,7100,55.703754,12.537448,191.89
5104619,2,63,11050,55.671176,12.472884,175.4
5248004,1,37,6900,55.703754,12.537448,186.49
5262434,1,37,8304,55.68841,12.528072,224.43
5059558,2,59,11300,55.636709,12.582897,191.53
5179383,5,134,18000,55.619128,12.568626,134.33
5247362,1,37,7100,55.703754,12.537448,191.89
5248009,1,46,7600,55.703754,12.537448,165.22
5247643,3,92,13100,55.652309,12.556465,142.39
5061338,4,111,16175,55.633488,12.597323,145.72
5106532,4,96,13650,55.638359,12.58366,142.19
5262427,1,45,8800,55.649554,12.551497,195.56
5258840,3,105,14300,55.677018,12.435548,136.19
5239489,3,93,13500,55.676946,12.434875,145.16
5008834,4,101,13850,55.618121,12.567602,137.13
5258839,2,79,13825,55.677018,12.435548,175.0
5272847,1,33,7400,55.65573,12.511585,224.24
5126151,2,44,9600,55.665096,12.456153,218.18
5054947,1,43,8385,55.701219,12.535712,195.0
5262446,1,41,6200,55.707601,12.531026,151.22
5262445,1,41,6200,55.707601,12.531026,151.22
5056187,2,107,20800,55.672092,12.573063,194.39
5136230,2,129,22500,55.697508,12.59359,174.42
5079384,4,128,17900,55.64488,12.550609,139.84
5111784,3,136,19995,55.690277,12.46194,147.02
5092233,5,110,15900,55.711801,12.480088,144.55
5112360,4,106,14922,55.725926,12.479092,140.77
5148197,1,28,8139,55.645948,12.63612,290.68
5248761,2,63,12800,55.62027,12.573462,203.17
5244097,4,95,13750,55.638359,12.58366,144.74
5192970,4,104,16300,55.61897,12.567802,156.73
5247641,3,90,13200,55.65191,12.556472,146.67
5092244,4,92,14100,55.711801,12.480088,153.26
5103325,4,93,13750,55.675954,12.434568,147.85
5088656,1,32,7334,55.705502,12.527119,229.19
5247642,3,90,13200,55.652117,12.55593,146.67
4953594,2,62,11000,55.676449,12.436417,177.42
5192976,3,97,14200,55.619409,12.567984,146.39
2116616,3,119,14950,55.620511,12.573563,125.63
5189674,4,116,19779,55.649051,12.535273,170.51
5268509,2,111,19700,55.671843,12.572796,177.48
5108464,2,83,12000,55.67685,12.43622,144.58
5117304,5,122,25000,55.741758,12.578883,204.92
4953540,4,103,14250,55.671176,12.472884,138.35
5023162,4,108,14511,55.676413,12.437081,134.36
4956115,2,63,10750,55.617418,12.566349,170.63
5079416,2,68,11400,55.682562,12.456123,167.65
5015734,1,46,10000,55.616959,12.566361,217.39
4956112,3,80,13050,55.617418,12.566349,163.12
5056188,4,134,20100,55.653492,12.567663,150.0
4961465,1,49,10000,55.668745,12.613605,204.08
4956076,2,64,10750,55.617418,12.566349,167.97
5062067,4,102,16800,55.649175,12.553826,164.71
5158558,4,95,16500,55.650785,12.554887,173.68
5143985,3,92,14000,55.655089,12.547842,152.17
5070395,4,118,17200,55.644123,12.549448,145.76
5130197,3,113,14750,55.640331,12.582975,130.53
5192978,5,111,16200,55.61897,12.567802,145.95
5263134,2,79,12950,55.638175,12.581597,163.92
5206495,3,71,13600,55.62027,12.573462,191.55
5148237,3,89,12100,55.725246,12.476602,135.96
5060287,2,74,11700,55.688955,12.449246,158.11
5207192,4,114,15000,55.671176,12.472884,131.58
5088653,1,32,7334,55.705502,12.527119,229.19
4956110,2,64,10450,55.617418,12.566349,163.28
5246712,4,106,14850,55.682748,12.455784,140.09
5272894,4,92,14100,55.619978,12.568789,153.26
5106533,3,84,12600,55.688955,12.449246,150.0
5247360,3,95,17500,55.666447,12.593103,184.21
5190012,4,104,15000,55.61897,12.567802,144.23
5239488,3,93,13500,55.677085,12.434243,145.16
4856977,4,127,22444,55.658841,12.559367,176.72
5248581,1,46,7600,55.703754,12.537448,165.22
4953615,2,62,11300,55.676449,12.436417,182.26
4956100,2,64,10550,55.617418,12.566349,164.84
5251492,4,138,21350,55.61897,12.567802,154.71
5248005,1,37,6900,55.703754,12.537448,186.49
4976253,2,104,16750,55.712537,12.564038,161.06
5112380,5,123,16705,55.621711,12.572956,135.81
5072136,2,188,28000,55.675075,12.571788,148.94
5179367,4,101,15700,55.616752,12.568257,155.45
4956091,3,80,13250,55.617418,12.566349,165.62
5189677,2,62,12938,55.649051,12.535273,208.68
5206506,3,69,13525,55.62027,12.573462,196.01
5249721,3,108,14900,55.625353,12.569615,137.96
5015673,1,46,10000,55.616521,12.566203,217.39
5248610,1,37,6900,55.703754,12.537448,186.49
5248611,1,37,6900,55.703754,12.537448,186.49
5248613,1,37,6900,55.703754,12.537448,186.49
5248024,1,37,7100,55.703754,12.537448,191.89
5248608,1,38,6900,55.703754,12.537448,181.58
5248603,1,37,6900,55.703754,12.537448,186.49
5248599,1,37,6900,55.703754,12.537448,186.49
5248602,1,37,6900,55.703754,12.537448,186.49
5208156,4,107,18725,55.648098,12.552759,175.0
5248598,1,37,6900,55.703754,12.537448,186.49
5072896,2,74,11000,55.705114,12.435315,148.65
5248609,1,37,6900,55.703754,12.537448,186.49
5248596,1,37,6900,55.703754,12.537448,186.49
4979559,2,64,11800,55.638117,12.580798,184.38
5261861,4,104,15700,55.61897,12.567802,150.96
5078187,2,105,17094,55.712537,12.564038,162.8
4979544,2,63,12000,55.637997,12.580752,190.48
5248016,1,37,6900,55.703754,12.537448,186.49
5248593,1,38,6900,55.703754,12.537448,181.58
4966211,4,114,15975,55.63393,12.597071,140.13
5205804,2,48,11100,55.705378,12.543452,231.25
5054942,1,42,9854,55.679425,12.551437,234.62
5208357,1,39,10000,55.663553,12.591,256.41
4979545,3,70,13600,55.637997,12.580752,194.29
4979598,2,63,12300,55.634942,12.579119,195.24
5092306,3,72,12000,55.711095,12.47929,166.67
4942878,4,91,15085,55.62184,12.572173,165.77
4939497,3,88,14300,55.654803,12.549074,162.5
5268062,1,47,9200,55.705378,12.543452,195.74
5179334,3,86,15080,55.663095,12.593584,175.35
5179140,3,101,15525,55.647737,12.552219,153.71
5086670,4,105,14500,55.671176,12.472884,138.1
5092267,4,92,14250,55.711801,12.480088,154.89
5107671,3,96,15650,55.644318,12.549037,163.02
5092237,4,92,13850,55.711801,12.480088,150.54
5092247,4,93,13700,55.711542,12.480989,147.31
5144887,4,113,14200,55.711542,12.480989,125.66
5113437,4,94,14050,55.671176,12.472884,149.47
5127345,2,55,10500,55.705114,12.435315,190.91
4956104,2,64,11250,55.617418,12.566349,175.78
5092280,4,88,14150,55.711801,12.480088,160.8
5249738,4,151,29500,55.684243,12.567298,195.36
5081777,3,70,13250,55.619128,12.568626,189.29
5080327,4,94,16450,55.645488,12.545785,175.0
5206499,3,98,15650,55.646565,12.552006,159.69
5175902,4,105,14850,55.618673,12.567705,141.43
5008805,3,142,39000,55.657308,12.568152,274.65
5077774,3,102,18950,55.703731,12.596756,185.78
5158559,3,82,14500,55.651125,12.555139,176.83
5008250,4,113,20961,55.659018,12.560558,185.5
5117372,5,146,15672,55.606455,12.594415,107.34
5117306,2,132,17000,55.65419,12.611142,128.79
5081636,4,122,17750,55.654204,12.549464,145.49
4979385,2,71,12700,55.638307,12.581241,178.87
4979396,2,66,12300,55.638237,12.581356,186.36
5081489,4,128,18350,55.652689,12.612637,143.36
5088651,1,32,7334,55.705502,12.527119,229.19
5244079,3,78,14400,55.665522,12.456031,184.62
5247999,1,37,6900,55.703754,12.537448,186.49
4898892,2,58,11850,55.640331,12.582975,204.31
4953549,4,94,14050,55.671176,12.472884,149.47
5092229,4,92,13850,55.711801,12.480088,150.54
4953554,4,94,13850,55.671176,12.472884,147.34
5087554,4,98,14300,55.688955,12.449246,145.92
4648142,4,148,28352,55.695726,12.54511,191.57
4961499,4,104,18100,55.649175,12.554973,174.04
5111825,3,85,13300,55.676449,12.436417,156.47
5268155,3,89,14950,55.659338,12.510673,167.98
4976355,3,101,17700,55.654306,12.553702,175.25
5269991,1,42,8900,55.651307,12.511187,211.9
5192972,5,124,17100,55.619128,12.568626,137.9
5061398,3,80,12100,55.683682,12.458612,151.25
5029967,2,67,11150,55.671176,12.472884,166.42
5263198,3,92,15700,55.646315,12.552322,170.65
5263109,3,87,14000,55.656005,12.503815,160.92
5158630,2,114,15470,55.634562,12.582097,135.7
5263112,2,69,11895,55.697421,12.505143,172.39
5088660,3,102,14000,55.671176,12.472884,137.25
5253200,3,105,16200,55.652689,12.612637,154.29
5092236,4,93,13750,55.711542,12.480989,147.85
4581593,4,180,27000,55.673109,12.589947,150.0
5092269,4,111,14500,55.71124,12.480251,130.63
4813637,1,60,14500,55.668745,12.613605,241.67
5107650,2,66,12300,55.637664,12.580775,186.36
5248601,1,37,6900,55.703754,12.537448,186.49
5110005,2,61,11721,55.62184,12.572173,192.15
5009491,4,151,26600,55.658128,12.567894,176.16
4956063,2,64,11650,55.617418,12.566349,182.03
4953609,2,62,11200,55.676449,12.436417,180.65
4581595,3,156,27300,55.672741,12.590873,175.0
4968563,2,53,12200,55.640331,12.582975,230.19
5081673,3,104,14250,55.671176,12.472884,137.02
4989269,5,121,17990,55.640001,12.578481,148.68
5051038,3,99,13900,55.677028,12.436588,140.4
5111821,4,103,14250,55.671176,12.472884,138.35
5113971,4,119,15800,55.636709,12.582897,132.77
5088654,1,32,7334,55.705502,12.527119,229.19
5112359,4,106,14462,55.725636,12.478914,136.43
5248591,1,37,6900,55.703754,12.537448,186.49
5246693,2,71,12450,55.682748,12.455784,175.35
5246696,2,71,12250,55.682748,12.455784,172.54
5274113,2,64,13200,55.637843,12.580475,206.25
5246701,3,97,13900,55.683006,12.456226,143.3
5246697,2,76,12250,55.682748,12.455784,161.18
5274116,3,70,13250,55.619137,12.568627,189.29
5105805,3,96,14977,55.621584,12.57341,156.01
5246705,3,115,15950,55.682748,12.455784,138.7
5274112,4,96,13900,55.711801,12.480088,144.79
5246708,3,90,13350,55.682748,12.455784,148.33
5246702,3,97,13800,55.683006,12.456226,142.27
5246709,3,93,13300,55.682748,12.455784,143.01
5246707,3,90,13450,55.682748,12.455784,149.44
5272863,2,90,16700,55.659544,12.570384,185.56
5275968,3,146,26000,55.737286,12.538268,178.08
5275729,1,27,7900,55.681189,12.518624,292.59
5275717,1,25,7550,55.681189,12.518624,302.0
5275727,1,27,7900,55.681189,12.518624,292.59
5275714,1,29,7400,55.65573,12.511585,255.17
5275715,1,35,7500,55.651556,12.511923,214.29
5274145,2,66,12400,55.619018,12.570785,187.88
5275718,1,25,7550,55.681189,12.518624,302.0
5275724,1,35,8250,55.651556,12.511923,235.71
5275728,1,26,8000,55.681189,12.518624,307.69
5275719,1,48,10650,55.712077,12.575295,221.88
5275970,2,65,11900,55.61729,12.570032,183.08
5275699,3,105,17631,55.680505,12.578989,167.91
5275709,4,95,16300,55.664593,12.622675,171.58
5275433,3,71,15000,55.694877,12.570948,211.27
5275431,3,85,14600,55.66256,12.627215,171.76
5275951,4,115,19000,55.669016,12.512669,165.22
5274223,1,40,8350,55.651556,12.511923,208.75
5274241,1,35,7950,55.651307,12.511187,227.14
5274225,1,26,8650,55.681189,12.518624,332.69
5273969,2,29,10600,55.681189,12.518624,365.52
5275736,1,24,7650,55.681189,12.518624,318.75
5275732,1,35,7900,55.651556,12.511923,225.71
5275731,1,35,7900,55.651556,12.511923,225.71
5274236,1,24,8300,55.681189,12.518624,345.83
5273988,2,43,10200,55.651307,12.511187,237.21
5273942,1,33,11100,55.681189,12.518624,336.36
5273985,2,32,10400,55.681189,12.518624,325.0
5273970,2,29,10700,55.681189,12.518624,368.97
5273966,2,31,10900,55.681189,12.518624,351.61
5274221,1,26,8650,55.681189,12.518624,332.69
5274220,1,36,8500,55.651556,12.511923,236.11
5273971,2,29,10600,55.681189,12.518624,365.52
5275733,1,25,7600,55.681189,12.518624,304.0
5273944,3,79,11250,55.711542,12.480989,142.41
5274028,4,100,15500,55.619018,12.570785,155.0
5273989,1,52,10200,55.659106,12.510073,196.15
5274270,1,35,7800,55.651556,12.511923,222.86
5273998,2,43,10250,55.651307,12.511187,238.37
5275277,1,39,8750,55.712077,12.575295,224.36
5275280,1,35,8500,55.712077,12.575295,242.86
5274248,1,35,7950,55.651307,12.511187,227.14
5274282,1,35,7800,55.651556,12.511923,222.86
5275278,1,36,9300,55.712077,12.575295,258.33
5274277,1,25,7750,55.681189,12.518624,310.0
5274280,1,25,7800,55.681189,12.518624,312.0
5274254,1,26,7900,55.681189,12.518624,303.85
5275282,1,37,8700,55.712077,12.575295,235.14
5275272,3,70,13000,55.619409,12.567984,185.71
5274022,3,94,15500,55.639508,12.58296,164.89
5274023,5,117,15600,55.61897,12.567802,133.33
5274021,3,78,15500,55.666674,12.625403,198.72
5274025,5,111,15500,55.61897,12.567802,139.64
5274053,4,104,15400,55.61897,12.567802,148.08
5274293,1,35,7500,55.651307,12.511187,214.29
5275341,1,33,6200,55.720895,12.556455,187.88
5274060,3,84,14800,55.636125,12.581213,176.19
5275332,4,114,14950,55.631852,12.574902,131.14
5274056,3,85,15400,55.666197,12.621256,181.18
5274034,3,83,15300,55.666197,12.621256,184.34
5274036,3,89,15300,55.666197,12.621256,171.91
5274044,3,94,15000,55.666493,12.624566,159.57
5274043,4,103,15200,55.619392,12.568249,147.57
5274059,4,111,15500,55.639433,12.581914,139.64
5274066,3,95,14800,55.70743,12.553607,155.79
5274042,3,85,15100,55.666197,12.621256,177.65
5271474,3,103,15879,55.67799,12.496304,154.17
5274039,4,90,15200,55.635169,12.579627,168.89
5274050,4,98,14900,55.609727,12.583102,152.04
5275325,4,112,16689,55.659681,12.512877,149.01
5274064,3,108,14700,55.638175,12.581597,136.11
5274073,4,98,14900,55.72722,12.477641,152.04
5274078,4,103,14800,55.619392,12.568249,143.69
5274080,4,113,14200,55.711542,12.480989,125.66
5274087,3,108,14600,55.638175,12.581597,135.19
5274072,3,95,14400,55.637664,12.580775,151.58
5274085,3,76,14000,55.638325,12.58099,184.21
5274076,3,98,14200,55.61772,12.568271,144.9
5274088,3,98,14000,55.726986,12.477065,142.86
5274090,4,81,13900,55.61897,12.567802,171.6
5274079,3,97,14500,55.619392,12.568249,149.48
5274074,3,98,14400,55.61772,12.568271,146.94
5274071,3,81,14700,55.659827,12.513933,181.48
5274077,4,94,14900,55.619392,12.568249,158.51
5274084,4,92,14000,55.711801,12.480088,152.17
5274091,4,102,14000,55.71062,12.483975,137.25
5274082,4,93,14150,55.711801,12.480088,152.15
5274081,4,103,14500,55.619392,12.568249,140.78
5274086,4,94,14000,55.619018,12.570785,148.94
5274104,3,80,13600,55.639789,12.582016,170.0
5248597,1,49,8000,55.703754,12.537448,163.27
5274101,4,93,13700,55.711542,12.480989,147.31
5275901,1,37,5632,55.707792,12.485342,152.22
5275899,3,88,13800,55.649703,12.550492,156.82
5274102,4,97,14150,55.711801,12.480088,145.88
5274092,4,102,14000,55.71062,12.483975,137.25
5274108,3,70,13500,55.635246,12.578788,192.86
5274103,4,95,13750,55.711801,12.480088,144.74
5275900,1,31,7350,55.703613,12.553748,237.1
5274111,3,74,13500,55.636134,12.57952,182.43
5274096,4,102,13900,55.711542,12.480989,136.27
5274109,3,72,13600,55.636114,12.578472,188.89
5274093,3,100,15000,55.638175,12.581597,150.0
5246711,3,90,13250,55.682748,12.455784,147.22
5275893,2,111,24900,55.726972,12.577694,224.32
5274100,3,81,14200,55.636803,12.580686,175.31
5274106,3,108,14300,55.638175,12.581597,132.41
5247363,1,37,7100,55.703754,12.537448,191.89
5110052,2,62,10850,55.676449,12.436417,175.0
5092294,4,102,14000,55.71124,12.480251,137.25
5247355,1,44,8995,55.695357,12.534754,204.43
5261972,4,102,17100,55.618872,12.568731,167.65
5247676,4,103,15260,55.636709,12.582897,148.16
5261970,3,93,14200,55.618578,12.569062,152.69
5074456,4,94,14050,55.671176,12.472884,149.47
5179191,4,103,15400,55.61897,12.567802,149.51
5130198,4,116,16150,55.640331,12.582975,139.22
5113969,4,114,15200,55.671176,12.472884,133.33
4869344,2,73,13028,55.61781,12.572924,178.47
5246716,3,99,13900,55.682748,12.455784,140.4
5247992,1,37,7100,55.703754,12.537448,191.89
5247988,1,37,7100,55.703754,12.537448,191.89
5248015,1,37,7100,55.703754,12.537448,191.89
5248011,1,38,7100,55.703754,12.537448,186.84
5247991,1,37,7100,55.703754,12.537448,191.89
5247997,1,37,6900,55.703754,12.537448,186.49
5247993,1,37,6900,55.703754,12.537448,186.49
5247990,1,37,7100,55.703754,12.537448,191.89
5246720,4,103,14850,55.682748,12.455784,144.17
5248014,1,37,7100,55.703754,12.537448,191.89
5246714,4,106,14650,55.682748,12.455784,138.21
5246713,4,106,14750,55.682748,12.455784,139.15
5248012,1,37,7100,55.703754,12.537448,191.89
5246715,4,106,14950,55.682748,12.455784,141.04
5248006,1,37,6900,55.703754,12.537448,186.49
5206498,3,93,16220,55.646565,12.552006,174.41
5107683,4,128,18750,55.648474,12.552865,146.48
1503814,2,77,55000,55.705974,12.588295,714.29
4956111,2,64,10950,55.617418,12.566349,171.09
5248579,1,37,6900,55.703754,12.537448,186.49
4979488,2,78,12950,55.637749,12.581051,166.03
5252405,4,94,14900,55.619409,12.567984,158.51
5079386,4,112,18600,55.648266,12.553423,166.07
5162486,2,92,15300,55.659761,12.515062,166.3
5107673,4,138,24950,55.648253,12.553517,180.8
5179153,3,97,14995,55.65243,12.545442,154.59
5115260,2,63,10850,55.671176,12.472884,172.22
5092232,4,102,13900,55.711542,12.480989,136.27
5254743,3,107,19900,55.671843,12.572796,185.98
4956123,3,80,12950,55.617418,12.566349,161.88
5033162,4,94,13850,55.671176,12.472884,147.34
5248600,1,37,6900,55.703754,12.537448,186.49
5248594,1,37,6900,55.703754,12.537448,186.49
4956086,1,60,10450,55.617418,12.566349,174.17
5248023,1,37,7100,55.703754,12.537448,191.89
5248019,1,37,7100,55.703754,12.537448,191.89
5184716,4,105,16000,55.619638,12.568158,152.38
5248607,1,37,6900,55.703754,12.537448,186.49
5248021,1,37,7100,55.703754,12.537448,191.89
4956098,2,65,11050,55.617418,12.566349,170.0
5248604,1,37,6900,55.703754,12.537448,186.49
5248592,1,38,6900,55.703754,12.537448,181.58
5248590,1,37,6900,55.703754,12.537448,186.49
5107672,3,111,15900,55.648609,12.553888,143.24
5024204,3,96,14100,55.656054,12.547822,146.88
5011143,4,95,14350,55.635957,12.577198,151.05
5088650,1,32,7334,55.705502,12.527119,229.19
5261723,1,45,8500,55.688441,12.491476,188.89
5143236,5,141,16950,55.705563,12.433942,120.21
5072897,4,81,13900,55.61897,12.567802,171.6
4956081,2,64,11450,55.617418,12.566349,178.91
5121298,3,64,14214,55.663095,12.593584,222.09
4953595,2,62,11000,55.676449,12.436417,177.42
5105726,4,118,15450,55.705544,12.433945,130.93
4953570,2,67,11150,55.671176,12.472884,166.42
5014339,4,143,24795,55.660027,12.56067,173.39
5122573,5,119,16900,55.619638,12.568158,142.02
4738533,4,128,15400,55.636472,12.581225,120.31
5126144,4,95,15200,55.665523,12.456109,160.0
5126179,3,86,13200,55.665522,12.456031,153.49
5107659,3,140,17900,55.645488,12.545785,127.86
4956074,2,65,11250,55.617418,12.566349,173.08
5092205,4,92,14050,55.711801,12.480088,152.72
5143425,4,101,16000,55.616752,12.568257,158.42
5113958,3,104,14350,55.671176,12.472884,137.98
5074441,4,81,13900,55.61897,12.567802,171.6
5061936,5,132,15800,55.6341,12.580702,119.7
4738535,3,83,12550,55.67683,12.436433,151.2
4856706,4,100,19552,55.664493,12.591439,195.52
5106555,3,85,13100,55.676449,12.436417,154.12
4898890,3,121,19350,55.67783,12.573206,159.92
5108459,4,100,14600,55.635908,12.577504,146.0
5262327,3,72,12000,55.665348,12.457358,166.67
5092234,4,93,13850,55.711542,12.480989,148.92
5108463,3,83,12700,55.676983,12.436204,153.01
5041883,3,85,13000,55.676449,12.436417,152.94
5024242,3,82,14500,55.635466,12.577542,176.83
5126128,1,28,8002,55.645948,12.63612,285.79
5248605,1,37,6900,55.703754,12.537448,186.49
5148236,3,99,12900,55.68367,12.453949,130.3
5088655,1,32,7334,55.705502,12.527119,229.19
5107658,3,82,14500,55.651396,12.555883,176.83
5079018,2,81,16700,55.657744,12.567416,206.17
5179173,2,98,15245,55.65243,12.545442,155.56
5115244,5,123,16705,55.621711,12.572956,135.81
5113968,2,76,11450,55.671176,12.472884,150.66
5249206,4,101,14975,55.677015,12.433977,148.27
5092248,4,93,13750,55.711542,12.480989,147.85
5080342,4,118,20250,55.64444,12.551754,171.61
4991120,4,124,17100,55.619128,12.568626,137.9
4810189,2,123,28000,55.673688,12.54063,227.64
5083113,3,93,15538,55.649051,12.535273,167.08
5107676,4,96,17300,55.643976,12.551135,180.21
2391595,3,102,13600,55.620789,12.57112,133.33
4828468,3,73,12000,55.7339,12.575419,164.38
5106530,4,95,13950,55.638359,12.58366,146.84
4979585,2,58,11700,55.638325,12.58099,201.72
5111239,2,48,11300,55.705378,12.543452,235.42
5054835,4,102,17200,55.649175,12.553826,168.63
5074398,4,100,14167,55.626185,12.576225,141.67
5110006,3,96,14977,55.621584,12.57341,156.01
4897546,4,116,19673,55.649051,12.535273,169.59
4581594,3,169,25350,55.673109,12.589947,150.0
5076003,3,111,18550,55.643764,12.55075,167.12
5118160,4,118,20500,55.64444,12.551754,173.73
4699067,3,129,21500,55.661435,12.575557,166.67
5081667,2,71,11400,55.682562,12.456123,160.56
5037851,4,99,14400,55.688955,12.449246,145.45
5126130,1,28,8139,55.645948,12.63612,290.68
5112593,3,69,12800,55.618372,12.573111,185.51
4856639,3,96,13227,55.626185,12.576225,137.78
5111812,4,129,15900,55.636709,12.582897,123.26
5111293,2,62,10950,55.676449,12.436417,176.61
5049677,1,50,10700,55.668393,12.612989,214.0
4938087,3,100,16175,55.648262,12.552649,161.75
4953614,2,64,11250,55.676449,12.436417,175.78
5113497,2,128,16300,55.645488,12.545785,127.34
5046471,4,84,15500,55.648202,12.537402,184.52
5084001,4,94,13950,55.671176,12.472884,148.4
5105723,5,128,16150,55.705827,12.433875,126.17
5015735,3,89,13200,55.616959,12.566361,148.31
5092252,4,102,13900,55.711542,12.480989,136.27
4956089,2,64,10650,55.617418,12.566349,166.41
5121296,3,65,14532,55.663095,12.593584,223.57
4979588,2,58,12400,55.638325,12.58099,213.79
5247989,1,37,7100,55.703754,12.537448,191.89
5113441,2,65,11000,55.676449,12.436417,169.23
5079016,1,81,16600,55.657744,12.567416,204.94
4856826,4,144,21833,55.649051,12.535273,151.62
4984339,4,155,20300,55.656145,12.548338,130.97
5080344,4,111,17450,55.653989,12.549597,157.21
5143278,4,119,16100,55.644235,12.549001,135.29
5086705,4,103,14150,55.671176,12.472884,137.38
5266837,3,89,13300,55.617443,12.568106,149.44
5175893,4,91,14400,55.665182,12.454883,158.24
5107675,4,116,18800,55.644503,12.550783,162.07
5015705,1,43,10700,55.61687,12.566039,248.84
5008246,2,64,13093,55.649051,12.535273,204.58
5058139,2,59,11650,55.636709,12.582897,197.46
4979529,2,67,11900,55.637843,12.580475,177.61
5126159,2,67,12400,55.665523,12.456098,185.07
5126158,2,74,12000,55.665523,12.456109,162.16
5063305,4,141,16950,55.619686,12.5741,120.21
4852171,4,117,15200,55.640709,12.583517,129.91
5126154,4,95,15500,55.665523,12.456098,163.16
5009488,1,149,26500,55.657744,12.567416,177.85
5107667,4,113,16900,55.645226,12.549663,149.56
3259297,3,139,18995,55.676193,12.471977,136.65
5115270,3,85,13100,55.676449,12.436417,154.12
5031801,3,169,25350,55.672567,12.589598,150.0
1503815,1,60,40000,55.706086,12.588568,666.67
5116657,4,98,14400,55.688955,12.449246,146.94
4998788,5,118,17907,55.621337,12.573197,151.75
5261724,4,102,17100,55.618872,12.568731,167.65
5126162,4,91,15600,55.665523,12.456109,171.43
5015728,1,43,10100,55.616959,12.566361,234.88
5081627,4,94,16600,55.651125,12.555139,176.6
5078231,3,96,14750,55.644318,12.549037,153.65
4984373,5,123,17500,55.619638,12.568158,142.28
4961321,4,104,18100,55.649175,12.554973,174.04
5015733,5,112,16000,55.616959,12.566361,142.86
5107669,4,146,19600,55.645312,12.549316,134.25
5107668,3,119,17600,55.645628,12.548445,147.9
5009583,1,49,10700,55.668745,12.613605,218.37
5126131,1,28,8125,55.645948,12.63612,290.18
5079414,4,99,14300,55.688955,12.449246,144.44
5248606,1,37,6900,55.703754,12.537448,186.49
5092228,5,110,16000,55.711801,12.480088,145.45
5076016,4,90,16600,55.644186,12.551306,184.44
5162489,4,102,15300,55.618467,12.56674,150.0
5046458,4,86,15600,55.648202,12.537402,181.4
5015702,3,77,14000,55.61687,12.566039,181.82
4766655,3,121,19350,55.67783,12.573206,159.92
4568229,2,167,27300,55.657744,12.567416,163.47
5092246,4,104,14100,55.711542,12.480989,135.58
5066242,4,103,14150,55.671176,12.472884,137.38
5111291,4,139,17650,55.619686,12.5741,126.98
5126152,3,86,13900,55.665523,12.456109,161.63
5046476,4,86,15500,55.648202,12.537402,180.23
5092216,3,74,12200,55.711095,12.47929,164.86
5113498,2,140,17900,55.645488,12.545785,127.86
5126241,3,90,16100,55.619978,12.568789,178.89
5054982,4,102,17200,55.649175,12.553826,168.63
4954396,4,107,17400,55.648154,12.552848,162.62
5108479,4,97,14300,55.688955,12.449246,147.42
5092209,4,93,14100,55.711801,12.480088,151.61
5126147,3,83,12900,55.665229,12.456205,155.42
5092226,3,68,12300,55.711095,12.47929,180.88
5059095,5,115,16800,55.618519,12.570945,146.09
5105722,5,128,16650,55.705827,12.433875,130.08
5092223,3,72,12300,55.711095,12.47929,170.83
5092239,4,93,13700,55.711542,12.480989,147.31
5092238,3,72,12200,55.711095,12.47929,169.44
5107608,4,93,13950,55.711542,12.480989,150.0
5092298,4,93,13850,55.711542,12.480989,148.92
4953565,2,67,11050,55.671176,12.472884,164.93
5092281,4,90,14150,55.711801,12.480088,157.22
5077192,3,125,19200,55.643764,12.55075,153.6
5092231,4,106,14450,55.711542,12.480989,136.32
5016511,3,104,16200,55.649175,12.554973,155.77
5046551,4,106,16900,55.648842,12.554622,159.43
5052145,5,111,16400,55.61897,12.567802,147.75
5040466,2,77,11650,55.671176,12.472884,151.3
5268792,1,53,10200,55.659106,12.510073,192.45
5088364,4,103,14800,55.619409,12.567984,143.69
4979543,2,61,12400,55.637897,12.580714,203.28
4939499,3,92,14200,55.656188,12.550059,154.35
5179387,4,103,15400,55.61897,12.567802,149.51
5092235,4,92,14400,55.711801,12.480088,156.52
5115276,2,64,11250,55.676449,12.436417,175.78
5107674,4,112,18250,55.64831,12.553241,162.95
5107704,3,89,14200,55.61985,12.574296,159.55
5092221,3,72,12200,55.711095,12.47929,169.44
5092208,4,87,14250,55.711801,12.480088,163.79
5092285,4,92,14050,55.711801,12.480088,152.72
5113962,2,62,10850,55.676449,12.436417,175.0
5092212,4,96,14000,55.711801,12.480088,145.83
4968560,3,91,14830,55.640331,12.582975,162.97
5092206,4,92,14000,55.711801,12.480088,152.17
4957700,4,104,17700,55.649175,12.554973,170.19
4947006,5,111,15500,55.61897,12.567802,139.64
5092299,4,93,12900,55.711542,12.480989,138.71
5092227,4,107,14000,55.711542,12.480989,130.84
4956067,2,64,10850,55.617418,12.566349,169.53
5115269,4,97,14400,55.688955,12.449246,148.45
4958457,4,94,13850,55.671176,12.472884,147.34
5117314,4,97,14600,55.688955,12.449246,150.52
4680310,2,142,41500,55.657744,12.567416,292.25
4871081,4,103,14511,55.676413,12.437081,140.88
5102268,4,100,14300,55.688955,12.449246,143.0
5115272,4,106,14100,55.682506,12.45731,133.02
5079017,2,103,18800,55.658012,12.567306,182.52
5079412,4,94,13850,55.671176,12.472884,147.34
5268507,2,91,17500,55.671843,12.572796,192.31
4956088,2,64,10650,55.617418,12.566349,166.41
5015717,1,43,10300,55.61687,12.566039,239.53
5093481,2,86,12775,55.620043,12.573415,148.55
5049676,1,59,12200,55.668745,12.613605,206.78
5126160,3,78,14600,55.665523,12.456109,187.18
4956087,2,65,11150,55.617418,12.566349,171.54
5007506,2,64,11050,55.676449,12.436417,172.66
4947005,5,117,15600,55.61897,12.567802,133.33
4979594,2,60,12500,55.634942,12.579119,208.33
5055449,3,80,12250,55.676449,12.436417,153.12
4979596,2,63,11700,55.634942,12.579119,185.71
5001288,3,80,12250,55.676449,12.436417,153.12
4897547,3,102,15902,55.649051,12.535273,155.9
4979547,3,70,14300,55.637997,12.580752,204.29
5111824,4,98,13800,55.682422,12.454567,140.82
4562399,1,94,17200,55.658128,12.567894,182.98
5126156,3,86,14100,55.665523,12.456098,163.95
4991855,4,124,17100,55.619128,12.568626,137.9
5267771,1,81,16600,55.657744,12.567416,204.94
5015724,1,43,10200,55.616959,12.566361,237.21
4953588,4,93,13750,55.675954,12.434568,147.85
2502804,3,98,13500,55.620789,12.57112,137.76
5080368,2,65,11200,55.676449,12.436417,172.31
5079067,3,118,17900,55.644008,12.549817,151.69
5267772,2,81,16500,55.657744,12.567416,203.7
5115264,3,99,14050,55.636709,12.582897,141.92
5113957,2,62,11050,55.676449,12.436417,178.23
4979581,3,76,14500,55.638325,12.58099,190.79
5076068,3,85,13000,55.676449,12.436417,152.94
4979381,2,66,12500,55.638237,12.581356,189.39
5015716,1,43,10500,55.61687,12.566039,244.19
5015069,2,48,11100,55.705378,12.543452,231.25
5092242,4,93,13700,55.711542,12.480989,147.31
4940716,5,142,17400,55.688955,12.449246,122.54
5126161,3,78,14700,55.665523,12.456098,188.46
5019423,1,61,14500,55.668717,12.61303,237.7
4979399,3,76,13500,55.638315,12.581096,177.63
5101507,4,99,14500,55.688955,12.449246,146.46
4946174,2,74,11600,55.682562,12.456123,156.76
5059093,4,102,15900,55.616553,12.568129,155.88
5054981,4,104,16300,55.61897,12.567802,156.73
5092266,4,99,14050,55.711542,12.480989,141.92
5083088,4,104,14400,55.671176,12.472884,138.46
5092287,4,95,13750,55.711801,12.480088,144.74
4790506,5,111,15500,55.61897,12.567802,139.64
4961434,2,65,11000,55.676449,12.436417,169.23
4979498,2,60,12300,55.637755,12.580868,205.0
5015711,1,43,10600,55.61687,12.566039,246.51
4979410,2,57,11600,55.638307,12.581241,203.51
4837610,2,80,11495,55.705114,12.435315,143.69
4979534,2,61,11700,55.637897,12.580714,191.8
4956090,2,64,11150,55.617418,12.566349,174.22
5268095,4,103,17800,55.618872,12.568731,172.82
4953608,2,65,11350,55.676449,12.436417,174.62
5052996,2,62,11150,55.676449,12.436417,179.84
5015723,3,89,13600,55.616959,12.566361,152.81
5092275,4,92,14150,55.711801,12.480088,153.8
4976192,2,149,27900,55.657744,12.567416,187.25
4979573,2,59,11800,55.638214,12.58092,200.0
4979539,2,61,11700,55.637897,12.580714,191.8
4956122,2,64,10850,55.617418,12.566349,169.53
4739956,2,74,11500,55.682562,12.456123,155.41
5116686,2,69,13500,55.676449,12.436417,195.65
5023907,4,96,16500,55.619409,12.567984,171.88
4979475,2,52,11400,55.637841,12.58114,219.23
4938987,3,80,12350,55.676449,12.436417,154.38
5059087,4,102,17900,55.619638,12.568158,175.49
4953590,3,80,12250,55.676449,12.436417,153.12
4953546,4,94,13850,55.671176,12.472884,147.34
5015666,5,112,16200,55.616521,12.566203,144.64
4977163,2,69,13500,55.676449,12.436417,195.65
4947002,3,97,14500,55.619409,12.567984,149.48
4999343,4,108,16500,55.619409,12.567984,152.78
5003626,2,80,11495,55.705114,12.435315,143.69
4953602,2,62,11100,55.676449,12.436417,179.03
4956071,2,63,11150,55.617418,12.566349,176.98
4956066,2,65,11350,55.617418,12.566349,174.62
5049519,4,103,17800,55.618872,12.568731,172.82
4956117,2,64,11150,55.617418,12.566349,174.22
4956114,2,64,11150,55.617418,12.566349,174.22
4848797,4,102,17100,55.648427,12.553615,167.65
4979402,3,76,13900,55.638315,12.581096,182.89
5049520,4,103,15200,55.619409,12.567984,147.57
5050670,4,103,15200,55.619409,12.567984,147.57
5050468,5,111,16400,55.61897,12.567802,147.75
5061893,4,102,16800,55.649175,12.553826,164.71
4979490,3,85,13900,55.637749,12.581051,163.53
5053726,4,104,16300,55.61897,12.567802,156.73
4989944,2,62,10850,55.676449,12.436417,175.0
4979597,2,63,11800,55.634942,12.579119,187.3
5015068,2,48,11300,55.705378,12.543452,235.42
4956064,2,64,11650,55.617418,12.566349,182.03
4956183,1,60,14500,55.668717,12.61303,241.67
4914140,4,103,15200,55.617954,12.567574,147.57
4979386,3,72,13200,55.638307,12.581241,183.33
4979606,4,95,17400,55.634942,12.579119,183.16
4979566,2,64,12000,55.638214,12.58092,187.5
4979383,2,57,12200,55.638307,12.581241,214.04
5015497,3,104,16200,55.649175,12.554973,155.77
5050671,4,103,17800,55.618872,12.568731,172.82
4979394,3,77,13900,55.638237,12.581356,180.52
4979601,2,63,12500,55.634942,12.579119,198.41
4946996,4,103,14500,55.619409,12.567984,140.78
4960635,4,94,13850,55.671176,12.472884,147.34
4953542,4,103,14350,55.671176,12.472884,139.32
4979390,3,72,13700,55.638307,12.581241,190.28
4947001,3,97,14200,55.619409,12.567984,146.39
4979553,2,60,12400,55.637997,12.580752,206.67
4979593,2,60,12300,55.634942,12.579119,205.0
4979569,3,70,14200,55.638214,12.58092,202.86
4956075,2,65,11550,55.617418,12.566349,177.69
4956118,2,65,11150,55.617418,12.566349,171.54
4979533,2,68,12600,55.637843,12.580475,185.29
4742664,2,73,11495,55.705114,12.435315,157.47
4979387,3,72,13300,55.638307,12.581241,184.72
4999407,4,108,16500,55.619409,12.567984,152.78
5262433,3,66,13750,55.62027,12.573462,208.33
4979391,3,78,14000,55.638237,12.581356,179.49
4979603,4,95,16900,55.634942,12.579119,177.89
4979507,2,66,12400,55.637664,12.580775,187.88
4979525,4,105,16600,55.637843,12.580475,158.1
4979388,3,72,13400,55.638307,12.581241,186.11
4979421,2,79,12900,55.638175,12.581597,163.29
4979409,2,57,11700,55.638307,12.581241,205.26
4979602,4,95,16800,55.634942,12.579119,176.84
4979582,2,59,11700,55.638325,12.58099,198.31
4979538,2,68,12600,55.637897,12.580714,185.29
4979568,3,70,13700,55.638214,12.58092,195.71
4979558,3,79,15200,55.638117,12.580798,192.41
4979504,2,67,12200,55.637664,12.580775,182.09
4979407,2,57,12000,55.638315,12.581096,210.53
4979499,2,61,12100,55.637755,12.580868,198.36
4979575,2,59,12300,55.638214,12.58092,208.47
4979395,3,78,14500,55.638237,12.581356,185.9
4979392,3,78,14100,55.638237,12.581356,180.77
4843582,4,151,19000,55.655865,12.609897,125.83
4705333,4,97,14400,55.688955,12.449246,148.45
4979526,4,105,17200,55.637843,12.580475,163.81
4954520,4,103,18200,55.618872,12.568731,176.7
4956084,2,64,11450,55.617418,12.566349,178.91
5003238,5,127,16650,55.705827,12.433875,131.1
4979411,2,66,12700,55.638237,12.581356,192.42
4940717,4,105,14600,55.688955,12.449246,139.05
4946983,3,69,13525,55.618372,12.573111,196.01
5003239,5,127,16150,55.705827,12.433875,127.17
4921403,4,103,14500,55.619409,12.567984,140.78
4936081,5,143,17400,55.68367,12.453949,121.68
4991148,2,95,12995,55.690277,12.46194,136.79
3171365,2,84,13500,55.689304,12.56017,160.71
4954414,4,103,18200,55.618872,12.568731,176.7
4800682,3,97,14500,55.619409,12.567984,149.48
4897526,1,64,10800,55.67729,12.57116,168.75
4979510,4,109,16800,55.637664,12.580775,154.13
4897528,1,77,13000,55.681249,12.578823,168.83
3503849,3,105,75000,55.706086,12.588568,714.29
5275339,1,42,8900,55.705378,12.543452,211.9
4981096,1,63,13500,55.722914,12.578558,214.29
4979542,2,61,12200,55.637897,12.580714,200.0
5275338,1,42,8900,55.705378,12.543452,211.9
5275422,2,77,11650,55.671176,12.472884,151.3
5275275,2,68,10600,55.711801,12.480088,155.88
5160103,1,49,9500,55.646065,12.625307,193.88
4660435,5,163,30000,55.677887,12.566646,184.05
5275435,3,70,13000,55.619409,12.567984,185.71
5275434,4,101,14975,55.677015,12.433977,148.27
4924299,4,102,17100,55.649175,12.553826,167.65
5275423,4,94,13950,55.671176,12.472884,148.4
4765067,3,97,14200,55.619409,12.567984,146.39
3750969,2,66,12000,55.664507,12.502354,181.82
5263679,4,135,16900,55.677092,12.433984,125.19
4957814,4,104,17700,55.649175,12.554973,170.19
5249767,3,68,5700,55.690001,12.558017,83.82
4565940,4,279,40000,55.737793,12.578525,143.37
5238510,1,56,12500,55.742989,12.578678,223.21
5272354,1,28,8800,55.663553,12.591,314.29
4897525,1,51,8900,55.696573,12.543897,174.51
4416278,2,76,12500,55.71185,12.571288,164.47
5267773,2,81,16000,55.657744,12.567416,197.53
5091447,3,139,18750,55.676193,12.471977,134.89
4897524,2,77,12000,55.667443,12.513845,155.84
4645561,2,66,12000,55.664507,12.502354,181.82
5144888,3,115,18500,55.662557,12.5711,160.87
5024239,1,104,17500,55.694299,12.570361,168.27
5212656,2,124,19500,55.67841,12.525911,157.26
4645560,2,64,12000,55.664507,12.502354,187.5
5153908,3,140,23000,55.686128,12.589264,164.29
4907462,3,78,4900,55.743446,12.501736,62.82
4991147,2,88,13000,55.712424,12.474915,147.73
5248755,2,109,21000,55.6737,12.541464,192.66
4438918,2,66,5260,55.648242,12.49238,79.7
5190043,1,58,13000,55.664572,12.521411,224.14
4985909,2,74,18000,55.675306,12.51815,243.24
4478130,2,54,6800,55.705868,12.578911,125.93
5266789,1,57,8215,55.657871,12.500791,144.12
5121291,2,66,11838,55.656761,12.503792,179.36
5239954,3,64,12798,55.663095,12.593584,199.97
5117815,1,50,10500,55.684119,12.585351,210.0
5274037,3,90,15400,55.666593,12.62708,171.11
5127686,3,93,12382,55.626185,12.576225,133.14
5256244,3,72,13000,55.656704,12.590547,180.56
5007481,4,110,14341,55.652939,12.51822,130.37
5261122,1,18,4900,55.62169,12.612074,272.22
5249731,1,100,6900,55.736143,12.512108,69.0
5242854,4,130,22100,55.671061,12.583902,170.0
5249724,1,9,3000,55.681845,12.517944,333.33
5211292,2,62,12400,55.651934,12.542414,200.0
4920071,4,177,26560,55.677779,12.57341,150.06
5266736,1,34,6800,55.655898,12.503485,200.0
5112248,3,79,13118,55.660841,12.50309,166.05
5087576,4,147,18606,55.683053,12.572715,126.57
5252908,1,54,8700,55.655187,12.548544,161.11
4956120,2,64,10350,55.617418,12.566349,161.72
5181532,2,90,13900,55.659896,12.57005,154.44
5153116,5,140,19500,55.650345,12.54092,139.29
5206497,5,219,26950,55.672638,12.552493,123.06
5242870,2,65,10950,55.682748,12.455784,168.46
5189160,4,107,17800,55.660061,12.568841,166.36
5226441,3,85,14100,55.652911,12.548989,165.88
5107624,4,142,25150,55.675754,12.575112,177.11
5272093,2,58,12300,55.619018,12.570785,212.07
5194094,2,77,12200,55.658142,12.511876,158.44
5207006,3,105,15195,55.659748,12.511782,144.71
5189682,3,96,14975,55.649051,12.535273,155.99
5266737,1,36,7000,55.655898,12.503485,194.44
5242920,4,113,17982,55.658853,12.559362,159.13
5028575,4,103,14995,55.644847,12.55174,145.58
5242876,3,103,17300,55.703478,12.59414,167.96
5239438,1,60,14000,55.707513,12.576216,233.33
5242802,3,87,13200,55.634592,12.579425,151.72
5224860,3,70,13250,55.619128,12.568626,189.29
5274287,1,29,7500,55.688463,12.494303,258.62
5274290,1,29,7300,55.688463,12.494303,251.72
5212726,4,105,14437,55.676177,12.436038,137.5
5261870,3,91,13800,55.651934,12.542414,151.65
5149578,3,108,17565,55.677779,12.57341,162.64
5263153,5,146,15938,55.606708,12.59336,109.16
5242853,4,103,14950,55.682748,12.455784,145.15
5239215,3,59,11700,55.727596,12.479145,198.31
5194142,4,101,14775,55.636709,12.582897,146.29
5242874,5,148,20995,55.653751,12.549599,141.86
5272674,3,80,13600,55.609727,12.583102,170.0
5237947,1,35,7500,55.665096,12.456153,214.29
5268791,2,29,10750,55.680677,12.518295,370.69
5111828,2,62,10050,55.676449,12.436417,162.1
5237519,2,82,12850,55.65273,12.545434,156.71
5114871,3,124,18900,55.699196,12.593657,152.42
5242848,3,109,14250,55.682748,12.455784,130.73
5242864,3,87,13300,55.682748,12.455784,152.87
5242839,3,86,12950,55.682748,12.455784,150.58
5242863,2,74,12200,55.682748,12.455784,164.86
5242844,3,97,13800,55.682748,12.455784,142.27
5242856,3,109,13950,55.682748,12.455784,127.98
4996762,1,5,5000,55.654246,12.524973,1000.0
5239385,2,66,12200,55.637664,12.580775,184.85
5205806,2,45,11000,55.705286,12.543816,244.44
5242845,3,109,14500,55.682748,12.455784,133.03
4952408,3,69,12900,55.637559,12.618912,186.96
5080334,5,184,29992,55.684456,12.551164,163.0
5239346,3,96,14000,55.638175,12.581597,145.83
5206507,4,213,27512,55.696489,12.585991,129.16
4857099,1,39,8510,55.679425,12.551437,218.21
5246667,3,91,14000,55.653284,12.519206,153.85
5217945,4,108,16700,55.654485,12.568302,154.63
5246654,1,28,8033,55.645948,12.63612,286.89
5239408,2,60,11800,55.637997,12.580752,196.67
5252851,4,103,16925,55.648154,12.552848,164.32
5240230,3,94,13900,55.638001,12.581605,147.87
5240217,3,108,14700,55.638175,12.581597,136.11
5242852,3,99,13800,55.682748,12.455784,139.39
5248000,1,37,6900,55.703754,12.537448,186.49
5242794,4,101,15200,55.677018,12.435548,150.5
5242834,3,90,13400,55.682748,12.455784,148.89
5126177,1,32,6350,55.72722,12.47929,198.44
5239433,2,58,12100,55.638325,12.58099,208.62
5239338,4,140,18000,55.638175,12.581597,128.57
5242846,2,76,11950,55.682748,12.455784,157.24
5003234,1,90,18500,55.664934,12.535803,205.56
5189681,4,126,20008,55.649051,12.535273,158.79
5193031,3,88,14400,55.655226,12.551786,163.64
5242862,2,83,12500,55.682748,12.455784,150.6
5243715,2,84,12500,55.683006,12.456226,148.81
5127690,4,94,13700,55.626185,12.576225,145.74
5261726,4,97,16300,55.664593,12.622675,168.04
5253204,3,100,13900,55.735488,12.512497,139.0
5252177,2,54,11950,55.636724,12.580009,221.3
5243016,2,63,12800,55.618372,12.573111,203.17
5248808,4,111,14047,55.676152,12.436159,126.55
5239921,4,140,18200,55.638175,12.581597,130.0
5143982,3,88,14100,55.655226,12.551786,160.23
5239928,3,100,15600,55.638175,12.581597,156.0
5015489,4,162,32000,55.686293,12.591646,197.53
5239918,2,66,12950,55.638237,12.581356,196.21
5015494,4,223,30000,55.680591,12.589616,134.53
5247354,1,44,8695,55.695357,12.534754,197.61
5239389,4,109,17300,55.637664,12.580775,158.72
5239345,4,113,17100,55.638001,12.581605,151.33
5272715,3,72,12400,55.726775,12.477716,172.22
5117402,5,122,25000,55.741758,12.578883,204.92
5240221,3,69,13200,55.637921,12.581371,191.3
5239926,4,118,16600,55.638175,12.581597,140.68
5240225,3,96,14900,55.638175,12.581597,155.21
5074385,4,106,16300,55.648818,12.551925,153.77
5240228,3,77,13600,55.638001,12.581605,176.62
5240220,3,100,15300,55.638175,12.581597,153.0
5248759,2,66,12350,55.61816,12.568349,187.12
5239383,2,60,12100,55.637755,12.580868,201.67
5246666,1,37,5595,55.707792,12.485342,151.22
5239407,2,60,11700,55.637997,12.580752,195.0
5239427,3,76,14400,55.638325,12.58099,189.47
5239392,3,95,14100,55.637664,12.580775,148.42
5239344,4,113,17200,55.638001,12.581605,152.21
5239420,3,70,14100,55.638214,12.58092,201.43
5239421,2,59,12200,55.638214,12.58092,206.78
5242836,3,86,12950,55.682748,12.455784,150.58
5217943,4,127,20000,55.653492,12.567663,157.48
5190088,4,113,19779,55.658841,12.559367,175.04
4920074,4,107,13900,55.635753,12.580312,129.91
5239430,2,58,12200,55.638325,12.58099,210.34
5239399,2,64,13200,55.637843,12.580475,206.25
5239384,2,68,12300,55.637755,12.580868,180.88
5107670,4,110,16000,55.644467,12.548225,145.45
5239417,2,64,12300,55.638117,12.580798,192.19
5239381,2,60,12000,55.637755,12.580868,200.0
5239428,2,57,12000,55.638307,12.581241,210.53
5239360,3,65,13500,55.637841,12.58114,207.69
5239365,2,71,12500,55.637749,12.581051,176.06
5239409,2,68,12400,55.637897,12.580714,182.35
5239350,2,71,12700,55.637749,12.581051,178.87
5239426,3,76,14000,55.638325,12.58099,184.21
5238107,3,85,13100,55.676449,12.436417,154.12
5092277,4,103,14000,55.71124,12.480251,135.92
5240227,3,100,15100,55.638175,12.581597,151.0
5239431,2,58,11600,55.638325,12.58099,200.0
5189679,2,67,12342,55.649051,12.535273,184.21
5268508,2,107,19900,55.671549,12.573398,185.98
5121300,3,86,14708,55.663095,12.593584,171.02
5239924,4,140,18500,55.638175,12.581597,132.14
5252871,3,83,12500,55.711542,12.480989,150.6
4856590,4,101,15822,55.656909,12.501427,156.65
5011141,3,83,12500,55.67683,12.436433,150.6
5239342,4,125,17200,55.638175,12.581597,137.6
5252932,5,185,31000,55.687183,12.590373,167.57
5213855,4,135,16900,55.677018,12.435548,125.19
5243024,4,101,15200,55.677092,12.433984,150.5
5190087,2,63,12492,55.649051,12.535273,198.29
5033195,3,96,13900,55.65517,12.552813,144.79
5159791,3,107,24500,55.686197,12.589313,228.97
5185812,1,35,8222,55.679425,12.551437,234.91
5220335,3,84,14800,55.639891,12.58291,176.19
5252873,3,68,12050,55.711095,12.47929,177.21
5262870,3,104,14500,55.62641,12.576012,139.42
5262285,1,38,8000,55.688441,12.491476,210.53
5077619,3,178,26000,55.680632,12.579264,146.07
5181534,4,112,16800,55.727213,12.472785,150.0
5112289,1,43,8385,55.701219,12.535712,195.0
5252442,3,82,14000,55.61687,12.566039,170.73
5164133,4,96,13900,55.711801,12.480088,144.79
5054125,4,125,15750,55.646049,12.614843,126.0
5121842,4,111,16600,55.663155,12.623858,149.55
5239343,4,118,16800,55.638175,12.581597,142.37
5015660,1,43,10300,55.616521,12.566203,239.53
5117368,5,126,14800,55.60709,12.593329,117.46
5077767,3,115,20000,55.660855,12.586019,173.91
4882686,3,90,14100,55.65614,12.550588,156.67
5246615,3,72,11950,55.71046,12.484442,165.97
5185811,1,36,8393,55.679425,12.551437,233.14
5206510,4,130,17995,55.6451,12.55097,138.42
5264951,3,79,11350,55.711542,12.480989,143.67
5217354,3,121,17300,55.659761,12.515062,142.98
5247995,1,36,6900,55.703754,12.537448,191.67
5175901,2,140,27000,55.740025,12.551933,192.86
5263631,3,65,13100,55.637921,12.581371,201.54
5110004,3,101,14517,55.621422,12.573417,143.73
4899794,4,99,16536,55.664493,12.591439,167.03
5248784,2,75,12900,55.64467,12.548298,172.0
4856635,3,106,16120,55.706205,12.53494,152.08
5083109,3,90,13474,55.726062,12.478646,149.71
4956119,2,65,10850,55.617418,12.566349,166.92
5246669,4,98,13000,55.725046,12.474233,132.65
5239362,3,69,13400,55.637921,12.581371,194.2
5272637,4,98,14800,55.726775,12.477716,151.02
5239410,3,74,13700,55.638117,12.580798,185.14
5247998,1,44,7300,55.703754,12.537448,165.91
4629522,4,95,13600,55.677028,12.436588,143.16
5247644,3,77,13000,55.652135,12.557064,168.83
5252874,2,68,10600,55.711801,12.480088,155.88
5246703,2,76,12450,55.682748,12.455784,163.82
5262283,3,85,11500,55.705114,12.435315,135.29
5239353,3,69,13600,55.637921,12.581371,197.1
5179156,4,100,16995,55.65273,12.545434,169.95
5239367,2,61,12100,55.637755,12.580868,198.36
4956121,2,64,10350,55.617418,12.566349,161.72
5092288,4,95,13900,55.711801,12.480088,146.32
5218679,4,81,13900,55.61897,12.567802,171.6
5107607,5,126,16500,55.711542,12.480989,130.95
5130189,1,30,6250,55.727285,12.479933,208.33
4879729,2,111,18520,55.661812,12.569668,166.85
5179308,2,108,22900,55.726972,12.577694,212.04
5240232,2,57,12200,55.638315,12.581096,214.04
5112273,2,67,12678,55.649051,12.535273,189.22
5271991,3,80,12150,55.71046,12.484442,151.88
5216854,3,104,14250,55.671176,12.472884,137.02
4956218,3,106,13350,55.739609,12.48682,125.94
5126149,2,43,9600,55.665096,12.456153,223.26
5219042,4,134,17250,55.676193,12.471977,128.73
5143910,2,102,15300,55.6919,12.483505,150.0
4956093,2,64,11350,55.617418,12.566349,177.34
5264979,2,43,10250,55.651556,12.511923,238.37
4991840,1,43,9740,55.679425,12.551437,226.51
5007477,4,108,15132,55.676413,12.437081,140.11
5194032,4,94,14900,55.619409,12.567984,158.51
4979403,2,57,11700,55.638315,12.581096,205.26
5247692,3,116,21414,55.649051,12.535273,184.6
5060278,3,94,12500,55.636709,12.582897,132.98
5117370,5,146,15901,55.606541,12.593405,108.91
5143239,5,153,16950,55.705827,12.433875,110.78
5262442,2,63,11600,55.652309,12.556465,184.13
5136255,2,62,10950,55.676449,12.436417,176.61
5037819,4,140,16300,55.636472,12.581225,116.43
5181519,2,43,9800,55.665096,12.456153,227.91
5246653,1,28,8033,55.645948,12.63612,286.89
4966923,4,95,13850,55.676983,12.436204,145.79
5112370,3,101,14516,55.621422,12.573417,143.72
5112399,3,116,19100,55.661812,12.569668,164.66
5246673,3,87,11750,55.72453,12.474464,135.06
5246694,2,76,12450,55.682748,12.455784,163.82
5252878,3,74,11900,55.711095,12.47929,160.81
5246695,2,71,12250,55.682748,12.455784,172.54
5246710,4,106,15200,55.682748,12.455784,143.4
5063195,3,83,12700,55.67685,12.43622,153.01
5092291,4,102,14000,55.71124,12.480251,137.25
4979595,2,63,11400,55.634942,12.579119,180.95
4956077,2,64,10750,55.617418,12.566349,167.97
5216833,4,103,14162,55.676421,12.436609,137.5
5217942,4,102,14000,55.71124,12.480251,137.25
5252434,3,96,15892,55.660841,12.50309,165.54
5037821,4,106,14700,55.636125,12.581212,138.68
5112280,4,105,14995,55.676177,12.436038,142.81
5116679,4,107,14300,55.683682,12.458612,133.64
4910858,2,67,12242,55.649051,12.535273,182.72
5113500,4,94,15900,55.645488,12.545785,169.15
5179182,3,111,19700,55.671843,12.572796,177.48
5184520,4,104,16900,55.649294,12.553301,162.5
5128799,4,107,13900,55.711542,12.480989,129.91
4953600,3,80,12250,55.676449,12.436417,153.12
4875721,2,95,18900,55.682722,12.549432,198.95
5272329,5,125,19948,55.677879,12.492953,159.58
5072219,2,64,11050,55.676449,12.436417,172.66
5272350,4,129,16100,55.676903,12.435209,124.81
5184721,4,104,16900,55.649294,12.553301,162.5
5270472,2,79,14400,55.706006,12.573648,182.28
4956215,3,108,13400,55.739211,12.488279,124.07
5162484,2,79,15000,55.698585,12.585769,189.87
5179149,3,144,19800,55.654011,12.504306,137.5
4953556,4,94,13950,55.671176,12.472884,148.4
5208332,3,82,13300,55.61687,12.566039,162.2
5261848,3,117,22095,55.660479,12.562686,188.85
5263113,2,71,11795,55.697808,12.505049,166.13
4856893,4,91,15085,55.62184,12.572173,165.77
5023179,3,105,14300,55.65611,12.549796,136.19
4837611,2,79,11495,55.705114,12.435315,145.51
5248008,1,44,7300,55.703754,12.537448,165.91
5054950,1,43,8281,55.701219,12.535712,192.58
5077787,2,128,16300,55.645488,12.545785,127.34
5274130,2,79,12900,55.638175,12.581597,163.29
5275730,1,35,7900,55.651556,12.511923,225.71
5248007,1,37,6900,55.703754,12.537448,186.49
5274125,2,79,12950,55.638175,12.581597,163.92
5274141,2,58,12500,55.619018,12.570785,215.52
5274133,4,93,12900,55.711542,12.480989,138.71
5274123,2,75,13500,55.649772,12.555704,180.0
5274128,3,72,12900,55.726775,12.477716,179.17
5121218,1,77,14500,55.666783,12.504442,188.31
5274129,4,92,13950,55.711801,12.480088,151.63
5274068,4,111,14500,55.71062,12.483975,130.63
5274373,4,111,17700,55.653134,12.548116,159.46
5274119,3,80,13100,55.617802,12.569192,163.75
5266786,4,156,20900,55.65611,12.549796,133.97
4856679,3,133,18795,55.67783,12.573206,141.32
5121293,3,65,14138,55.663095,12.593584,217.51
5252880,3,74,12050,55.711095,12.47929,162.84
5252910,1,43,10700,55.61687,12.566039,248.84
5015718,1,43,10300,55.61687,12.566039,239.53
5015690,3,84,13800,55.616671,12.565964,164.29
5246725,4,112,17000,55.682748,12.455784,151.79
3667220,1,74,11750,55.64323,12.584552,158.78
5252877,3,74,11950,55.711095,12.47929,161.49
5252872,3,74,12100,55.711095,12.47929,163.51
5116653,3,87,12950,55.671176,12.472884,148.85
5246724,3,86,13100,55.682748,12.455784,152.33
5246731,3,86,13300,55.682748,12.455784,154.65
5246733,3,86,13100,55.682748,12.455784,152.33
5049573,3,140,31500,55.72135,12.582736,225.0
5112286,4,106,14462,55.725636,12.478914,136.43
5248583,1,36,6900,55.703754,12.537448,191.67
5248587,1,37,6900,55.703754,12.537448,186.49
5248589,1,37,6900,55.703754,12.537448,186.49
5248017,1,36,7000,55.703754,12.537448,194.44
5192971,4,103,18200,55.618872,12.568731,176.7
4979384,2,62,11900,55.638307,12.581241,191.94
5105728,4,119,15150,55.705319,12.433844,127.31
5117335,4,104,14200,55.671176,12.472884,136.54
5248096,3,95,15300,55.645947,12.551123,161.05
5248588,1,37,6900,55.703754,12.537448,186.49
5108508,2,76,12350,55.619897,12.57504,162.5
5248585,1,37,6900,55.703754,12.537448,186.49
5244333,3,95,15300,55.646026,12.551066,161.05
5268059,2,64,11900,55.634672,12.580127,185.94
5092220,4,93,13700,55.711542,12.480989,147.31
5103326,4,103,14350,55.671176,12.472884,139.32
5179158,3,107,19300,55.648262,12.552649,180.37
1503813,1,77,45000,55.705974,12.588295,584.42
5143238,5,141,16950,55.705827,12.433875,120.21
5112551,4,103,14450,55.671176,12.472884,140.29
5106551,4,135,21500,55.648253,12.553517,159.26
5112277,3,97,14246,55.725926,12.479092,146.87
4956073,2,64,11550,55.617418,12.566349,180.47
5009487,2,149,26750,55.657744,12.567416,179.53
5194186,4,94,14900,55.619409,12.567984,158.51
5081653,4,94,16200,55.65124,12.555343,172.34
5107690,3,94,15800,55.648434,12.552993,168.09
5130195,4,104,14950,55.618121,12.567602,143.75
4956065,1,60,10650,55.617418,12.566349,177.5
5266753,4,103,15200,55.619409,12.567984,147.57
4562398,3,148,37500,55.657744,12.567416,253.38
5126157,4,95,15500,55.665523,12.456109,163.16
4924896,3,89,14100,55.655513,12.547887,158.43
5126153,4,94,15400,55.665523,12.456098,163.83
5031800,4,180,27000,55.672567,12.589598,150.0
5008903,4,126,19824,55.649051,12.535273,157.33
5113433,3,86,13125,55.636709,12.582897,152.62
4956082,2,63,11050,55.617418,12.566349,175.4
5071188,2,64,11150,55.676449,12.436417,174.22
5049740,2,64,11050,55.676449,12.436417,172.66
4894067,3,102,15954,55.649051,12.535273,156.41
5059497,4,105,14700,55.61816,12.568349,140.0
5112592,3,71,13600,55.618372,12.573111,191.55
5144934,4,102,17400,55.637749,12.581658,170.59
4947038,4,102,17100,55.648427,12.553615,167.65
5113464,4,106,14400,55.682506,12.45731,135.85
5105727,4,118,15150,55.706123,12.434032,128.39
5126155,3,86,14100,55.665523,12.456109,163.95
5092213,4,93,14000,55.711801,12.480088,150.54
5092290,4,95,13900,55.711801,12.480088,146.32
5092219,4,92,13950,55.711801,12.480088,151.63
4956072,2,63,11150,55.617418,12.566349,176.98
5116584,2,64,11050,55.676449,12.436417,172.66
5092245,4,93,14150,55.711801,12.480088,152.15
5092240,4,94,14250,55.711801,12.480088,151.6
4956095,2,63,10950,55.617418,12.566349,173.81
5092217,4,91,14150,55.711801,12.480088,155.49
4956078,2,64,11250,55.617418,12.566349,175.78
4979532,2,67,12000,55.637843,12.580475,179.1
5108671,4,102,15375,55.636709,12.582897,150.74
5015721,3,89,13700,55.616959,12.566361,153.93
4897545,3,101,16006,55.649051,12.535273,158.48
4956070,2,64,11550,55.617418,12.566349,180.47
4956101,2,64,11050,55.617418,12.566349,172.66
4979548,2,65,11800,55.637997,12.580752,181.54
4979397,2,66,12300,55.638237,12.581356,186.36
4979401,3,76,13700,55.638315,12.581096,180.26
4979577,2,59,12500,55.638214,12.58092,211.86
4947039,4,102,17100,55.649175,12.553826,167.65
4979599,2,63,12200,55.634942,12.579119,193.65
5248783,2,69,15450,55.665198,12.533776,223.91
5248095,4,97,13250,55.727318,12.474743,136.6
5242835,2,68,11900,55.682748,12.455784,175.0
5195105,2,85,18500,55.670375,12.54353,217.65
5241679,4,96,16500,55.619409,12.567984,171.88
5242857,3,99,13600,55.682748,12.455784,137.37
5243760,3,88,15600,55.616679,12.572768,177.27
5242800,4,102,13750,55.638359,12.58366,134.8
5031667,4,108,14200,55.618673,12.567705,131.48
5239395,3,77,14600,55.637664,12.580775,189.61
5239397,3,75,14600,55.637843,12.580475,194.67
5216840,4,108,15900,55.649051,12.535273,147.22
5248003,1,37,6900,55.703754,12.537448,186.49
5026666,1,28,8200,55.663553,12.591,292.86
5248637,1,44,9500,55.667881,12.516962,215.91
5154726,3,66,13300,55.620511,12.573563,201.52
5158091,3,123,13775,55.636709,12.582897,111.99
5244174,3,103,14700,55.625388,12.57149,142.72
4851164,4,261,28000,55.686128,12.589264,107.28
5249165,1,28,7926,55.645948,12.63612,283.07
5268058,2,64,11900,55.634418,12.579529,185.94
5248580,1,37,6900,55.703754,12.537448,186.49
5179240,3,123,22100,55.721672,12.580217,179.67
5270471,3,95,13500,55.617443,12.568106,142.11
3639165,3,197,29500,55.67332,12.592577,149.75
4956108,1,60,10250,55.617418,12.566349,170.83
5179157,4,100,17145,55.65243,12.545442,171.45
4979471,3,69,13200,55.637841,12.58114,191.3
4979578,3,76,13900,55.638325,12.58099,182.89
5149586,3,93,13500,55.677018,12.435548,145.16
5023178,3,156,27300,55.67217,12.589605,175.0
5115263,2,85,13300,55.676449,12.436417,156.47
4953591,3,85,13000,55.676449,12.436417,152.94
5092256,4,97,14250,55.711801,12.480088,146.91
